x0,x1,x2,x3,x4
0.12690702788035424,0.8455102335611977,0.012911997159316572,0.09157114537556622,0.005070917129518904
0.049985150973002046,0.7604280563990314,0.041810440699259974,-0.07764785321553513,0.07741505750019528
0.4293108510971113,0.14335418701171707,0.0026306470235218926,-0.08227731227875242,0.02051155726114475
0.4613176263173424,0.25293836879730225,-0.07310174496968769,0.0775833063125618,-0.0828340454101589
-0.528767404556278,0.7670149342219039,0.03177188396453529,0.00013539950052970928,0.0875428263346377
0.3815192340215026,0.813382724761962,0.05066796525319179,-0.07218935267130044,0.03319783592223821
0.05391274547576444,0.28959826405842837,-0.0012501945495567712,-0.05610606257120419,0.20470633920033435
0.42905813185373554,-0.08736631902058753,-0.07930638345082724,-0.041812914530431455,-0.06134403737386534
0.015457858403522162,-0.20677775287628442,-0.004624149640397576,0.0933990329106667,0.16780795828500925
0.2300620425542203,0.483493512153621,0.029704354286198657,0.001525851567582892,-0.23414355627695838
0.10014339987436634,0.39163302485148765,-0.022137426694235574,0.07301135603586528,-0.03564164892832692
0.5103044532140057,0.11012768173217802,0.05676196638743122,-0.009086628913878236,-0.25148992633819717
0.15302171993255606,0.7143515583674125,0.06684335676829142,0.0445918906529692,0.2191086114247636
0.5393862288792916,0.6583871278762843,0.06748171424865723,0.09311400190989086,0.12830729579925143
0.3954937060674041,0.3015213060379029,0.03294981320698909,-0.1011905749638857,0.11258084456125426
0.2724216740926092,-1.227705654144283,0.0493092784881598,-0.005325333913168584,-0.051677221298223136
-0.292398740132653,0.7705268624623681,0.02774871381123506,0.09065436395009058,-0.13012041060129811
0.12695790068308271,-0.757133691151941,-0.009897963841757245,0.00833509858449466,-0.10499653561909739
-0.18260914611816137,0.22898087851205798,-0.005094095547993421,-0.07388879744211867,0.07381671937306754
0.0958531373341838,0.5769057283401439,0.05009391562144527,0.10549604352315264,-0.1957793591817219
0.06425494766234899,0.7112862246831305,0.03234281476338523,-0.006790185610456967,-0.04957063102721973
-0.05486149756113073,0.5680208352406781,-0.06540368843078717,0.07224842580159335,-0.1825739221572906
-0.5853563041687037,-1.098570955912271,-0.02584723345438733,-0.10201588980356585,-0.06182377529144658
0.5278214839299492,-0.5883146743774331,0.00360614013671412,-0.02762794939677011,-0.2513622662226393
0.4842139218648284,0.6655674924850451,-0.03694794909159447,-0.028707521120708557,-0.019042287826538606
0.11138891728718993,-0.005806766827905987,0.002406374931332597,-0.08977833080291293,-0.09771882343292188
-0.45660067240397306,0.5701921272277841,0.07515180269877013,0.040870660146078916,0.0033393065134653677
0.4025690641403187,-0.6879269545872998,0.023663627942402066,0.07057379150390432,-0.1034741411209107
-0.3390582338968887,-0.41799601713816403,0.03431822776793947,0.06915853182474238,-0.10259548981983958
-0.49509336471557525,0.3590295219421429,0.03913810571034439,-0.011075998942058338,0.08510702927906869
0.46872766081492345,-0.0940188306172724,-0.011662213961283308,0.02536578877766932,0.23256801033019778
0.13451176484425523,-0.9773008712132752,0.0653577709197983,0.07591245969136447,-0.03427027066548605
0.15963604513804022,-1.3503396743138643,-0.042458787918086514,0.08325384044647145,-0.009027771313990351
0.5182449220021584,0.0022157627741491437,0.07863545322418487,0.08317373498280649,-0.020384458859767137
0.3334101680119837,0.7911181389490776,-0.04015234597524395,-0.03486825116475645,0.10509544722239286
0.5218536774317424,0.3023356866836547,-0.0004203557968107674,0.10164449214935402,-0.153008677164721
0.5242080488204988,0.6861159648895229,0.046866212526954096,0.052828597068784296,-0.10091508642832192
0.22699046770731496,0.36180144945780307,0.04021798769632963,-0.05799768447875897,0.18613381385803054
-0.14594404538472439,0.6154519208272288,0.046971546808878495,-0.08687211831411108,0.12194943586985377
0.09612835852304888,0.4776639966964739,-0.007487060546879143,-0.05236055882771677,-0.23388000043233262
0.5241600402196236,0.6215319395065317,0.04837154070536487,0.10522459983825204,0.20904619216918935
0.5730139255523685,-0.37840470790863623,-0.07843847115834636,0.044805480639142914,0.21779380003611226
0.45681063016255624,-0.012505092620850422,0.05422141393025576,-0.08496668179829826,0.09813669840494649
0.07678867880503477,-0.2139646333058639,0.04538841152190794,0.028095231691995626,-0.27999173259735516
-0.19246852397919023,0.2225300757090267,0.035947060585020285,0.07381820042928303,0.22856914520263416
0.28409591801961287,-1.1258856140772482,-0.025059798876446764,-0.09859088134765763,0.01927449035644324
-0.48022408771514663,0.12196490955353072,-0.03951259899139783,-0.0007724917729683423,-0.14483726946513464
0.2641850926081338,-0.8709186131159438,0.07214849090576093,0.03756141122181911,0.045898626009620996
0.43947532049814864,0.38652534675598177,0.008987128257743948,0.023137210528061742,-0.12055218346913871
-0.5127390995025649,0.5987086226145442,0.0795128911336234,-0.07047211710612017,0.06195034281412738
-0.3924485069910666,0.6186213979721067,-0.05623503271738925,-0.06030334059397617,-0.03363701248168979
0.5137942889531466,-0.48547777938842634,0.07115287653604802,0.0766277046203589,-0.028821967124939174
-0.02979456456502454,-0.7964882996877023,-0.006450124104819488,0.04744909572601471,0.23746204662322737
0.28180524953206254,-0.35822798283894447,0.0089672927856419,-0.06926836522420327,-0.1369529139200875
-0.2421163698832224,0.3963729670842455,-0.07690504042307321,-0.045978571255997636,-0.07491474119822521
0.14086502393086456,0.7538083712259954,0.07877524534861179,0.0443744421005248,0.0033400567372616763
-0.4534164479573544,0.0007056598663356395,0.04182660706838023,-0.10068131001790424,-0.21051363341014426
-0.09058936055501415,-0.7186379950841211,0.04329612954457291,0.01697538121541242,0.19625881576537688
0.3321471026738453,0.49750823052724213,0.05400547695159861,0.09532831223805958,-0.03267225074768265
0.5421990369160975,0.8198463255564421,0.007260695139563289,0.017230473200477898,0.06787894312540388
0.2797125253677359,0.11150727685292697,0.012825551986691275,-0.07882691764831645,-0.11172016843159972
0.06514420986175462,0.3987865018844619,-0.021246719360354216,0.05746268908182713,-0.18416847864786862
0.34402143128713086,0.04329631773630874,-0.07467916043599233,-0.012804053942365612,0.253175604820247
0.047780800501508104,0.6656951449712092,0.02156674925486253,0.0873966175715119,-0.016379322369896032
-0.5523872865041143,0.5003656676610339,-0.06081654040018893,-0.03538896528879601,0.1828809407552065
0.1149189074834168,0.788158202171323,-0.0005423959096247932,0.09745215098063183,-0.1775084177653011
-0.25669873873392857,0.1614153973261547,0.06341221650441399,0.006734833717347677,-0.10414841492971386
0.12978040186563794,-0.6477035732269287,-0.0628688847223946,0.016365038235982565,0.03169420687357834
0.45712741724650313,-0.09721070257822487,0.0018795827229812767,-0.00519668865204111,0.2113107382456414
-0.03514955774943468,-0.06526454067230093,0.008506492614744676,0.05378444894155071,-0.23108273760477802
0.09838554477691658,-0.9314341932932543,0.05281981404622327,0.09614657020568812,-0.21138248030344817
-0.31851213328043576,0.2667496248881046,0.079136938730874,0.01658685970306284,-0.25954017035166765
-0.5866264003117908,0.7632539183298718,0.04367955112456967,0.07623618984222995,0.16682530943552615
0.22868745899200466,0.3368727375666307,-0.007421440124513623,0.008723865509033646,-0.16092050615946746
-0.2611143792470322,0.4691961386998538,0.06844826889037564,-0.06207276153564478,0.10933343601226829
-0.12229738966624108,0.5424145879745466,-0.07080146249135444,-0.0982303819656377,-0.1965073738098128
0.48795577716827065,-1.1025433696111062,0.08109399668375578,0.09617422771453836,0.18235755316416688
-0.3172940212885567,-1.1758657207489027,-0.015661925315854308,0.09790227985382055,0.11263024107614986
0.4006200335820524,-1.8057945674260465,0.06115078830719109,-0.04538920338948693,0.2317220996220873
0.16938283761342252,-0.20381104310353124,0.03975845019022427,0.07771108786264709,-0.10559462388356683
0.5135396432876577,0.43211763223012595,0.01879351298013865,-0.04825402100881089,-0.12672689596811876
-0.4459490877787253,-1.414123314857483,-0.038348443349204404,0.050361602465313994,0.03198788579304468
-0.2553500601450653,-0.5234888041814146,-0.06360890992482922,0.0005283215840726774,0.11279648971557289
0.25464204406738206,0.7250533049901303,-0.0326194070180243,0.017724974314371256,-0.03623192373911666
-0.42147649002075077,0.15806546815236372,-0.05357781600952176,0.030320186297095653,-0.1012201042175301
0.2545092678070078,0.6584188127517655,0.0021088107426985303,0.0954818328221605,0.05248020013173523
-0.012335248629255174,-0.2778319031397516,-0.0005462287267047894,-0.06834223651885853,0.014570486704508032
0.4443639726638804,0.8097300262451108,-0.004147289276125843,-0.054750469207761485,0.026255671501162137
-0.47359247811635125,0.7930889403025296,0.07243625036875581,-0.06256964492797767,0.08407492828368456
0.5136273479461628,0.7659899044036836,0.002791624069216736,0.08981130758921527,-0.014108649889629388
0.19808859984079782,-1.4891745328903228,-0.017245512008664754,0.025580425262452067,0.0791083272298163
-0.011714184125263288,0.2989915714263882,-0.05918879413604736,0.06897162532806239,-0.2728338772455848
-0.5948619483311994,0.26756253814696773,0.01757359917958744,0.00934408124287614,0.1787359549204561
0.2504057906468692,-0.31958007272084743,0.046991709709168224,0.003332132339480591,0.07933929347991586
-0.1553520838419621,-1.7718421586354565,0.024117061297098896,0.03600118001301902,0.10643600940704336
-0.07697612984975111,0.7523703044255574,0.05868647988637359,0.039979911804198354,-0.2109605525334714
0.01867339515686089,0.48562417093912724,0.06772545242309612,-0.022017856597899566,0.06883139355976894
-0.03202937094370442,0.22024127356211082,-0.01629518477121918,-0.002929704666140176,0.2132734619776409
-0.1906532739003517,-1.295357897122701,-0.06660639508565179,0.022569625536598078,-0.007182398478190022
-0.13247740236918085,0.6580410531361937,0.006363938967382077,-0.044993904113769204,0.11282938353220297
-0.4868719692230247,-0.44241460673014743,-0.04819672775268203,0.03092381763458163,-0.14027717622121147
0.5774925416310605,0.42269484456379974,-0.03323053741454975,-0.002231630325314593,-0.18939261500040944
0.08841392644246528,0.5738828035990395,-0.002728195508327258,-0.07957841746012327,-0.22225051593780373
0.3716642980575586,0.821703041076661,-0.061143424034119764,0.0784568703969264,-0.19255223782857267
0.4844055341084796,0.40780355358123443,-0.07770422554015766,0.08282468064625716,0.1796635983784995
0.025803281784057417,0.7906419153213462,0.08089678001403815,-0.06675340302785027,0.19090453656514342
0.4870855471293115,0.4108893105189017,-0.03689124774933035,0.01930997816721547,-0.08173220348358212
0.5365729443232193,-1.7356168953577684,0.058380695978804555,0.057577115694680076,-0.07152815659841161
-0.3292623252868668,-0.4402089424133296,0.03899116325377905,0.05336377906799372,0.23233517456054908
-0.2699212280909224,0.6438542826970423,-0.02608393033345907,0.05101439317067682,-0.04166941801707146
-0.354863957722984,0.4223837795257592,-0.06634785270691049,-0.07294846471151165,-0.13524983342488378
0.3567778841654468,-0.44935791333516695,0.06726687113443675,-0.08683015664418639,-0.18972020308176415
-0.012662771860757255,-0.02300543022156277,0.006257325490319154,0.06082151063283511,-0.16413428974152125
0.5638407840728717,0.6922190545399967,0.0062172053655003,0.06432912413279554,0.18137909952799247
-0.08307412052154499,0.031081183115641217,0.020102725982661107,0.04526327387491975,0.22716759459177652
0.029536343574524487,0.7372132501602183,-0.018698462486270717,0.08366392707824832,-0.10515335941314966
-0.00547049713134673,0.5535781459808384,0.06062813091277984,-0.010158555030824322,0.2414221267700142
0.15009725761413667,-0.4658262885411639,-0.07793839263915953,-0.08275124359130949,0.13356622727712178
0.1808832575480151,0.7390845419565847,-0.013579167366031042,0.04076766109466567,-0.1879617665608746
-0.1333986457188905,-0.29514835198720707,0.07372352441151685,0.0288429117202762,0.09967475255330503
0.43489674981435217,-1.4297750654220585,-0.05341649913788129,-0.04362299505869649,0.2387218182881674
-0.04391863727569674,0.5220349639256743,0.027368056933088303,0.10215787506103559,-0.060918740272522746
0.37647405815124446,-0.17447638161977413,-0.07870364316304233,-0.020154970169069364,0.04436684958139968
0.3809513680140189,0.5030835501352964,0.04185176213581935,0.0451736164093007,-0.027051316897075406
0.32203441556294277,-0.17419988218943053,0.06080174064636162,-0.04704286797841156,0.12680072085062413
0.06595201174418366,-0.23465351104736398,0.0583363707860271,-0.06514776547749673,0.06085945924122857
-0.04302921040853003,0.6867066790262842,0.04195138231913123,0.07969854450226194,-0.06989362621307643
0.09107272720336872,0.4206476538976012,0.051556786855066594,-0.03577043437958055,-0.24913572374979925
-0.45531959056854204,0.11432315031687235,0.030285121599832623,0.00584600925445633,0.05907974878946722
0.5710374530156438,0.7896512826283721,-0.00746223449707073,0.04686419169108041,-0.22449907143910333
0.33898422718047955,0.5471723206837992,-0.02061714967092232,-0.023689826329550207,-0.27878389040629015
0.3144663642247539,0.2896565682093282,-0.05317756748199298,-0.06375314807892529,0.19483479881286792
-0.3674513476689653,0.43993419075012136,-0.02099130249023369,-0.027194502512613575,-0.09073269939423016
-0.4416444959640482,-0.033844511350000106,0.07082678572336673,0.06364248212178615,-0.18487904135386185
0.3042708473205571,0.5339852743148814,0.07106897640228077,-0.004409804662071526,0.008784009297688784
-0.2817762295405034,-0.2718148978551236,-0.049147391319277534,-0.022621169090272675,-0.24651306152343952
-0.07503643385568866,-0.05144891134897872,0.0009858764012628113,0.011739717801408759,0.03864374605814473
-0.10601286188761455,0.6306875187555947,0.019295912424720618,-0.04178811009725087,0.10192555014292556
0.2382638327280681,-0.03133603572845545,-0.04575226624806874,-0.03221513430277511,0.18478811581929422
0.20648125012715127,0.6966255187988288,0.05683378219604518,0.07884183883667452,0.2024563566843633
0.3968650732040383,-0.6109582859675138,0.028318781216941938,-0.10172463957468635,0.19502237892150945
0.02318831062316773,-0.8193688478469909,-0.06053617858886638,0.029439898490908698,-0.11272070312499982
-0.1876513112386067,0.7416758460998494,-0.02891457049051798,0.03789044094085531,-0.137252381324767
0.21733922131856132,0.8433773816426543,-0.07233156077066853,-0.05242263189951457,-0.11975723298390702
-0.27309783617655314,-0.1948036781946846,-0.04103540897369322,0.05052753289540507,0.11437439441680766
-0.052354497273764546,0.4649977801640844,0.0689453655878683,-0.03972817039489951,-0.2200251890818272
0.3841157309214254,0.7516400814056363,-0.010073405901590338,-0.04756357192993368,0.11558496952057215
0.23510707187652197,-1.1702522455851272,0.05479547468821666,-0.07426072788238429,-0.272891289711
0.23882851727803367,0.7475633522669464,0.079751265525814,-0.031051650365190753,-0.04558842531839964
0.36418567784626876,0.33910229651133517,0.0320637270609557,-0.04242898654938054,-0.19041344515482703
0.2592563673655213,-0.9385110762914033,-0.02860905043284523,-0.022640231768290886,0.16091548252105772
0.24175693003336737,0.7948247874577817,0.004405278841656202,0.07449146715799913,-0.09095266850789757
-0.009254689534508476,0.5851385526657052,-0.07150536092122067,-0.08510782909393466,0.18318366495768557
0.45754428482055565,0.16506514485677473,-0.02719567839304554,0.02097508366902675,-0.2600415983200142
-0.3111528631846125,0.6764143597285008,0.03480205249785999,-0.09877587763468847,-0.007568227132160932
-0.535788795789084,-0.8148272123336779,0.009471194903052815,-0.08280565166473254,0.19038910166422357
-0.3337561232248962,0.6523832108179733,0.05999080594380649,-0.004712046623230992,0.2027401568094885
-0.39947514661153044,0.13524954827626465,0.048421130498250024,-0.056854266802472554,-0.0064424845377611395
0.2564188597997033,-1.6634965079625494,-0.0773170353571534,-0.010068913459782891,-0.14289110120137327
-0.3848302357991577,0.7195800708134948,0.007814004262286955,0.060276934941612036,-0.05541992918650124
0.46426981671651313,0.08510591570536298,0.07512819194793455,-0.019690538406372027,-0.1753345880508444
0.2038940639495847,-0.05313545036315711,-0.04059294033050975,-0.06092073249816926,0.2452145547866816
0.12699048678080133,0.695620943705233,0.02745746135711793,0.013793929417928341,0.055394495328271495
0.3446365782419771,0.8246905593872098,0.04807584412893074,-0.04935146204630714,0.02444302527109613
0.317060131708783,-0.21378583621979327,0.06913941828410011,-0.002351773897809717,0.20342282422383762
-0.5913543745676678,0.8109491192499814,0.035725800514219065,0.0335178155899008,0.11981791210174675
0.31158240604400717,0.41005065886179876,-0.011329870541890608,-0.08283585739135901,0.11795994726816292
-0.35578855355580924,0.002486699422201244,-0.052670243581136415,0.04967305660247446,0.0006025155385360748
0.3347669941584258,0.22626368745168207,0.013337155024207736,0.08998155816396217,-0.2677914342880272
-0.17939411799113297,0.5062600628534946,-0.007078922589618385,0.004285794893903683,0.20553224722543956
-0.07268042278289415,0.17273676045735276,-0.029175485293072498,-0.05380632432301774,-0.14185979874928975
-0.6385037523905489,0.0776703716913838,-0.03763460222880094,-0.06438507779438768,-0.23099425220489567
0.07405070813496739,0.6582065760294591,0.015467890421549446,-0.04092790730794131,-0.20013569959004973
0.5670166063308696,0.7011625607808448,-0.0007923189799015073,0.07905576070149703,0.2486665296554561
0.11369958051046092,-0.06202371946971017,0.06018947410583428,-0.01708794943491654,0.22659861373901172
0.09059226353962983,0.5566032616297419,-0.014167707761129966,-0.0706424744923922,-0.2829061635335288
0.29327418073018274,0.22018053754170766,0.07596744600931916,0.04345031166076874,-0.22356198247274336
0.07935196558634261,-0.6769502973556566,-0.076683769226072,-0.08843232154846373,-0.093472291628517
0.028261373519896358,0.23330253251393268,-0.012171527862545939,0.09482382265726662,0.05806189823150541
0.37929456806182793,0.12615341917673994,0.06882784144083676,0.07702063179016155,-0.11289088948568282
0.20906410376231202,-1.2217577775319424,0.047526594797764325,0.024654356638590835,0.07978651841481477
0.4736708005269349,0.37661954561869243,-0.016483647028605164,-0.09131143093108858,0.02108616034189515
0.42355048815409135,0.48125559012095165,0.035359576543174454,0.08075522422790607,0.1611347468694004
0.339174679756166,-1.2987979739507105,-0.020905354181923765,0.0032958768208852796,-0.18690873082479145
-0.07528123569488807,-0.9357705850601199,0.05032661883036306,0.0005111420949289736,0.027065828323364818
0.3133090607325203,0.4068583647410138,-0.036300123532616524,-0.03384783109029543,0.03497156461080016
0.022847360293071942,-0.4347186578114876,0.06842573674519849,-0.010191926638285212,0.0028962535858154115
0.24367785104115755,0.09273807334899616,0.027297261238101316,0.010789848645524569,0.1573050177892053
0.41071709696451675,-0.435685047467553,0.058634997049969245,0.04588506762186606,-0.1776726509730017
-0.1730773105621325,-0.2680498685836844,0.051403130849199535,0.07857893244425185,0.225006543159491
0.11506855964660774,-0.4624563598632879,-0.024932479858397638,-0.03437836805979318,-0.23820915063222223
-0.222936880429582,0.6152914040883362,0.03390048122405783,-0.005228059132895535,-0.12095221583048618
0.1355593179066962,0.2173148749669462,0.025487801869708337,-0.02186585521697948,-0.059566627502448906
0.5415535138448068,0.45551274204254244,-0.003916480700175253,-0.06530764993031814,0.0001889950434337262
0.46539009571075374,-0.42402700424194417,0.016474652290344616,0.09576690673828003,0.0465459918975819
-0.3160836518605559,0.22544019095103052,0.0015954179763825738,0.08762264919280367,0.1417463242212928
-0.5673690703709913,-0.8326402746836343,-0.0061156609853108,-0.09667778205872224,0.23984346040090124
0.3838707408905027,0.26147018845876324,0.035510348637897926,0.04531036631265928,0.24377583281198975
0.2140510098139404,-0.20428878148396726,0.004441482226054172,0.012948973973592709,0.16471625010172425
0.32952621046701985,0.38781144682566177,0.06946952088673797,0.07057951513925931,0.19852643076579032
0.023139080365498027,0.2470322999954232,0.08185505803425742,-0.08559418741862042,-0.2292607345581046
-0.3404425792694068,0.7695304365158047,0.001847480456034778,0.07674215984344221,0.1694800570805866
0.32260803604126154,-0.11053725496927846,0.04672689978281706,0.08473204040527102,0.05733884716033558
-0.08082171821594238,0.08845303789774382,-0.013462765057884463,-0.08781818612416915,-0.24666412734984894
-0.43290300369262835,0.1276836919784541,0.005190579096478132,-0.10111651261647554,-0.2526965745290153
-0.3307455962498962,0.13280692640940386,-0.06418302472433011,0.035045595804848007,0.12159319623311554
0.351810404141741,-1.5343442363739022,-0.010994700113932554,0.08193013954162548,-0.07497162214914829
0.09092862224578606,0.7206570110321011,-0.04925989055633264,-0.03710366630554174,0.14329595184326113
-0.42929310321808273,-0.4440386994679745,0.010861612955726185,-0.03171349366505683,-0.16453866004943965
-0.14981594371795098,-0.3134044389724721,-0.07149383831024525,0.05132482719421483,0.08607833576201648
-0.27041966787974336,0.6358325319290157,4.331239064669923e-05,-0.012138853391009511,0.18439588038126287
-0.17985753822326672,0.4007377325693733,0.01754821332295814,-0.05756379095713228,0.14232145659128678
0.4661135609944672,-0.25908246517181693,-0.07816001415252793,0.09107967853546299,0.1816406933466574
-0.2630902786254928,0.3338806594212874,0.04007908948262576,-0.08840943368275962,0.06080828158060535
-0.6155227308273339,0.7877742722829207,-0.06632093397776141,-0.0062108179728184165,0.19807184410094655
0.07497683048248424,-1.4724423456192035,-0.01702481110890867,-0.000720678965251631,0.1761679220199582
0.49590172735850085,0.2603029613494811,0.04725763289134079,-0.06212235959371193,-0.10639775466918847
-0.5377570206324266,-0.08161215527852408,0.05362820243835065,0.02295683479309385,-0.21740381145477466
-0.6354587834676112,0.515450357437134,-0.0024087486267104635,0.10465811316171963,0.12481010977427325
0.06981392478942892,0.7310393946965538,-0.011541953722636222,-0.07980314000447596,0.13892732874552058
-0.32412156391144126,0.051322450955711,-0.006720342318220912,0.09051131121317353,0.06717354170481722
0.497561902681987,0.5967725464502939,-0.04403510761260653,0.10264012940724344,-0.016580103556315784
0.07386663341522293,-0.31757032966614185,-0.04255493418375661,0.08947752539316874,-0.23110475158691454
-0.5202697184880619,0.38889496135711354,-0.04413481108347522,0.07539175796509032,0.22801236438751346
0.04330672613779974,-0.9216197964350442,0.026321641921994487,-0.029672644615177563,-0.22167878437041572
0.5167958978017116,0.5572014398574869,-0.03559190718333183,-0.08100191243489721,-0.1416255868275942
0.47743951066334905,-0.2031611070632893,-0.05079344050089549,0.1053619025548248,-0.1973283491134651
0.02750293540954628,0.6443935693105004,-0.023262426376343792,0.09983540662129241,-0.03463170878091668
0.5317438192367598,-0.20785806783041222,-0.004461968421939966,0.07658385149638125,-0.04511922963460092
-0.18500036430359101,-1.5785773979822801,0.026614449501036058,0.02194210338592595,0.17949794737497982
0.09092786280313678,-0.537517865816747,0.05318757979075117,0.06964299964904312,0.24485923894246486
-0.2673022181193041,-1.1222344484329214,-0.022981706301372418,-0.06687356853485397,-0.11836810652414907
0.36855047416686854,0.376340979258222,0.06444021574655916,-0.024374015808110938,-0.03862056382496788
0.3984088605244935,0.22361921087900913,-0.016989432017010864,-0.0968303988774625,-0.13599949264526306
0.2949215186436968,-0.4656070632934551,-0.020392219543457768,-0.06945993137360142,-0.23347784550984613
0.32065688832601,-1.7097806177139288,-0.019546826044720023,0.10737799390156998,0.20820170307159266
0.1705467904408763,-1.3616487967173247,0.03349234231313173,0.02488706080118641,-0.16714964262644735
-0.2602718194325753,0.8073993237813288,-0.007624959945679077,-0.07669449329376483,-0.16623712062835602
-0.5044543008804305,0.380331928253173,-0.005274494171144728,-0.05410007127126053,-0.14428363291422738
-0.26517683442433543,0.5338955361048356,-0.07532725588480704,0.10402391974130779,0.058474107424421384
-0.6408766768773417,-0.2539283075332628,-0.020096701622003943,0.059153823216754595,0.08394797420501061
-0.36479801623026514,0.21462084960937478,0.07339790217081894,0.07460971864064221,0.14374169699350783
-0.24335822614033817,0.6142758970260612,-0.04920270474751965,0.03046794859567803,-0.07686175537109188
0.09511306667327793,0.7753997888565062,-0.059269683520001615,0.06950565719604554,-0.2595471614201868
-0.1723488575617512,-0.8036960258483932,0.053681512832641554,-0.02628328386942359,-0.2198378807703623
-0.03562100219726366,0.505207070032757,0.0030262346267682094,-0.09066583442688352,0.18957067521413026
-0.42247687594095973,0.2557802174886051,-0.04050472990671638,-0.08904158687591904,0.05037158393859997
0.3951207936604818,0.6851148633956847,0.0452911612192782,-0.04208757432301906,-0.032506207148229604
0.364327934265133,-1.1265438369115204,-0.06006121031443556,-0.04559137058257612,0.1978790502548214
0.4053638194402065,-0.23475473658243642,-0.07758979892730902,0.055606828371678435,-0.1380087035497015
-0.291130051294965,0.5978119662602767,-0.026470865885416382,-0.012125040372218482,-0.057074923197426304
0.41655771636962713,0.45093480650584156,0.0021565093994149187,-0.011625321070353209,0.09037217044829828
0.006580264091490262,-0.3223703254063897,0.04445962619781404,-0.08525852648417628,-0.1685926561355581
0.04662712001800518,-1.6793398612340251,0.021553313573198674,0.0925139942169209,0.24093848609923663
0.0014787244796742316,0.6618078502019275,0.0028087615966794956,-0.035413757960005496,0.17359504063924036
-0.45168473307291673,-0.3524245204925487,0.07385102367401171,0.0168285331726028,-0.27422292931875014
0.4547081022262546,-0.2766168390909873,0.035672382990518815,-0.012477900505067696,0.2264535503387508
-0.2900901298522903,-0.7303777214686095,-0.017540688196822696,0.03465078544616618,-0.19253156630198232
0.48944299602508984,0.1739835602442384,0.01810383383433131,0.03302190685272056,-0.026581982930504622
-0.3187073736190857,0.41862877877553156,0.01773384126027805,-0.04018212604523246,0.07106276067098559
0.18648965358733668,-1.6737574036916105,0.07044910271962668,0.014831500053403612,0.23826335430145498
0.2060491132736206,0.21479189078013083,0.025765328407286247,0.04938473860422583,-0.03866116841634115
0.36392945830027407,0.06284164969125897,-0.0494902222951239,0.0773887434005686,-0.23417139148711782
0.564806500434876,-0.3108715286254966,-0.06170763715107874,-0.08995156192779774,-0.0635478598276743
0.4215662110646605,-0.07346778424581203,0.0348389240900682,-0.0004196392695143547,-0.20272420120239404
-0.2133854366938273,-1.0581409193674738,0.05710931046803862,-0.00039485390981019997,-0.03215049521128641
0.38064176495869456,0.18118859704335447,0.05030261770884085,0.005192104339600823,0.19857491747538492
0.42346390978495435,0.04863733704885187,0.08052289263406884,0.053640358606973186,0.17501521841684756
0.5036696694692,-0.3990700922012343,0.0694686578114817,-0.09271624660491995,-0.2598291231791207
-0.15466772524515515,-1.356325541814166,0.022782577196752918,-0.061924578030904356,-0.22960300572713635
0.09340749327341512,0.4618691371281917,-0.03762675539652505,-0.09812595621744848,0.12964100583394525
0.033576460520427814,-0.9361147158940701,-0.029417951265972016,-0.017082237561541147,0.25237283293406226
0.30969729614257974,-1.0768318252563533,-0.014682211558024396,0.073547350883483,-0.010738903363543773
-0.07442925548553045,0.2462812191645235,0.0735868841807069,-0.044033572832746504,-0.11415441290537481
-0.31391579627990746,0.7504381513595599,0.03116916179656881,-0.04561616738637595,0.22132213433583492
-0.5514770520528176,-0.12847072092692158,-0.012667975107825968,0.0987396084467554,0.14760344219207586
0.18915373579660763,0.1306993064880385,-0.06956746164957973,0.014839168548586038,-0.1389544382095348
-0.03614776484171778,0.609988833745319,0.04332087326050031,-0.07194330883025786,0.22602652200062567
0.010666832606000539,0.2589484529495211,-0.009184966405235362,-0.04789449246724436,0.17084998416900543
0.185818740526833,0.7227064339319816,-0.03132656892140598,0.009503488540649863,-0.03341424465179248
0.1850180292129541,0.5543873214721687,-0.013333094914756538,-0.05631830215454418,0.22184108575185027
-0.1409115699132299,0.8126134122212741,0.06070255088805687,-0.06250956090291004,-0.06450508467356562
-0.5273920701344798,0.6271753431955984,0.05597618834178062,-0.015026131312056323,0.13929135100046222
0.15744687970479188,0.5987890284856121,-0.03478887939452813,-0.06593133672078677,-0.2888802169164011
0.3456197681426997,0.028343320528662386,-0.06090996837615881,0.02806278610229307,0.1668273995717385
-0.16010503164926757,0.7545481456120801,0.07292663065592452,0.10078013229369741,0.01169360605875358
0.3851123590469406,0.17897377681732235,0.006423209826149412,-0.02446367073059656,-0.025698880831401257
-0.05164942042032756,-0.289656209309897,0.031003242174779677,0.050146079699198,-0.20950811322529952
0.04700213050842172,0.11654628531138297,0.05690123335520162,0.013212190628053566,0.2478112818400031
0.12549647521972407,-0.5446765817006414,-0.018279073715211258,-0.07880057779947618,0.1957232971191365
0.018212340990699682,0.8296657136281329,0.04030029169718668,-0.0952835206985495,0.17070262463887445
0.3540500065485607,-1.4325874061584494,0.08247334766387954,0.034066215833030045,0.09777164745330771
0.3520520985921232,-0.09313276481628494,-0.012152279535931065,-0.0373387769063331,0.2157666155497232
0.2923863633473752,0.8425168848037651,-0.019896283149722915,-0.06910327116648102,0.19451870759328288
-0.44290288384755444,0.5269320605595831,0.07869456195831762,-0.021551153818762298,-0.021868728955591287
0.21275140984853108,-0.3110517686208078,0.0058790849049864535,0.07018469397226804,-0.2390976867675789
0.3003141730626465,0.11229179954528645,0.059445467948911375,0.005703447024027031,0.09095273113250409
0.29578481483459473,0.5095339279174831,0.010192141215006556,0.09150118954976072,-0.15768235397339142
0.28903367551168163,0.45338155460357554,-0.06115032800038778,0.10547443898518526,-0.07872279294331969
-0.5085504051844297,0.5653172400792402,-0.07897330888112539,-0.006156925837194738,0.08027872117360388
-0.17514891560872747,0.5047891194025639,0.029894692738854145,0.07948581441243109,0.13810594463348827
0.5005590457916221,0.06849478912353645,0.04203928820291758,0.08121521981557299,-0.1949660806655862
0.3580068804423001,0.3595123364130624,0.06547984377543137,0.03127096907297959,-0.025200701395671432
0.10175138187408553,0.2968427645365367,0.07433817418416179,0.04464529546102025,-0.15105467446645215
-0.5641144014994294,0.8017744007110604,0.06153037611643089,-0.0637684005101545,-0.18656413332621163
0.45018345896403006,-0.5343021116256739,0.015107316017156147,-0.09992923831940448,-0.273128326098123
0.19095378843942884,-1.187788194338486,0.08166041342417778,0.06740890153249124,0.17471245574951375
-0.5436824976603218,0.6787949606577566,0.06496547349293946,0.009603484153748565,0.24894166437784646
0.15414754390716315,0.6901772737503034,0.04157786210377937,-0.06674926439920958,0.10690741380055802
0.5272349341710412,0.4715297826131196,0.03214647452036124,-0.018627173105878914,-0.27885014216104886
0.5357720864613832,0.6973721834818501,0.02349210707346483,0.027442925453185066,-0.17261655680338286
-0.544655742009479,0.5900036706924414,0.04748267873127898,-0.07747270043691437,-0.2541663862864125
0.2920033540725709,-1.6363530486424747,-0.02101019318898656,-0.028974557876587266,0.1358936268488531
0.3195593382517458,-0.701930030822755,-0.012777985572815759,0.016042689641317626,0.2097974786758437
-0.15331164646148746,0.7656989688873262,-0.0036799920400016894,0.025466893831888826,0.011256493250532391
0.49077595996856993,0.33965833473205614,0.03818594423929622,0.058020583470665354,-0.13304535579682145
0.24133421866099308,0.5379406878153516,-0.0002372093200743164,0.014995547612510533,-0.07480720869700701
0.26836014397938857,0.24428388404846157,0.0012523695627846831,0.05945393848418874,-0.11685775947570591
0.14651128037770195,0.432923546473185,-0.07259224351247286,0.011623666127525079,0.16682614707946747
0.5722345523834177,-0.5321094547907494,-0.01720295937855821,-0.05146456750234037,-0.04000657431284729
0.013119172414143815,0.05317579364776503,0.03927922503153602,0.0886935799916589,-0.12264190896352514
-0.3074850692749078,0.8423631804784125,0.05468484497070636,0.07618521944681667,-0.05079688930511317
-0.5045025765101142,-1.1827702620824168,0.012606827100118734,0.045957542737324115,-0.1276895796457941
0.20522804927825708,0.6822121210098313,-0.07661921151479453,0.00886814467111996,-0.18687549718221022
0.5193984158833793,-0.6995972347259513,-0.0242682552337656,0.019461585680644794,-0.021894955635072388
-0.16783422629038544,-0.16696198145549335,0.0591499630610131,-0.005409262975052398,-0.02958944320678452
0.3367483619054156,0.44535712591807364,-0.05646754709879978,-0.004374592781065889,0.1532532917658457
0.5515184332529677,-0.28918870671590596,-0.04977676773071238,0.05253789838155071,-0.06131625239054016
0.489215856870013,0.03515561389922615,0.07132074801126956,0.0641708291371706,-0.07844485791524136
0.3489392048517891,0.4097287247975641,-0.04121089076995771,-0.011858016014100414,-0.2141046915054353
0.3074916734695403,-0.2551978549957262,0.005647303899130068,-0.03487684981028183,0.08403445943196317
-0.3473519579569529,0.37439259847004924,0.027245779037474355,-0.03971483389536123,0.16066145420074415
0.11012917105356589,-0.04396448071797838,-0.07163467025757064,0.011177375157674474,0.2545857642491685
0.3623149944941218,0.27862798309325376,-0.04759493891398246,0.017505295435592427,0.022467626889546167
-0.058656867345178165,0.7005940183003778,0.02371872742970661,0.10190481344859108,0.23523277282714383
0.4055207646687855,0.7806303784052531,-0.011318593343098779,-0.008711800893150823,-0.16005808862050722
0.048961480140688685,0.46029691028594844,0.031894302050269635,-0.0653867549896262,0.06316415437062615
0.27157409954071027,0.747439918200172,0.05176130421956279,0.005684925397238194,0.15650442091623923
-0.1316263500849432,0.7055913829803453,0.0032990058263154265,0.023738818168637245,-0.27404977003733083
-0.467787462870277,-1.1978170665105208,0.03916173775990634,0.09341429233550873,-0.0056399806340543535
0.5536739479700772,-0.238466478665673,0.07909705352783115,0.02296066315968248,0.19760408433278576
-0.29269913832346867,0.6583837890624988,0.041167515118914755,-0.06504824479421083,0.17671944777171178
0.5221646916071542,-0.49481253433227584,-0.04025720882416026,-0.062232981999712965,0.21078214518229227
-0.49734361426035556,-0.3541264861424714,-0.044905442555748465,-0.07667869027455668,0.06254050795236687
0.4801232496897341,-0.7880620272954288,-0.07542100270589468,0.0660628875096652,0.11720759073893254
0.17150404071807812,0.2240980205535906,-0.03279379113515282,0.03437803522745884,-0.24050986035665395
0.2525398861567194,0.8274514630635522,0.008986724535622548,0.02029988479614294,-0.276385388056435
-0.32037911224365345,0.23381827545165992,0.06989075692494719,0.07952879301706832,-0.11563394355774022
0.2920539890925071,0.38067497920989707,0.02377435239156589,0.03850554180145046,-0.18887662220001383
0.342534116427108,0.3565536104838052,0.046777042071019626,0.10518833986917703,0.1958878472646093
0.4314396928151399,0.4501329253514607,-0.028626177469891045,-0.09187890942891451,0.2225895045598382
0.12919184271494458,0.4894365984598754,0.057429522514341,-0.03386882082620957,0.08051208241780693
-0.16242253239949334,0.22477541510263452,-0.06750009632110698,0.05379149818420415,0.20903199259440275
0.23658352883656655,0.2749728651046698,0.0035265814463307787,0.08795164140065612,-0.25405356057484774
0.30362131214141974,-0.27427327378591265,-0.0789382066726705,0.07773015435536945,-0.1798417606353774
0.22347652085622,0.7165225629806482,-0.05468254121144323,-0.039285672823584195,0.23017835108438647
-0.4362904418309542,-0.28113960234324276,-0.07726933129628723,-0.06251908429463354,0.034751762072243286
-0.5331213649114038,-0.8742657423019431,-0.05454199473063053,0.061698897679646356,0.042935320536300337
-0.4903011566797899,-0.04422003332774149,-0.06753480339050273,-0.09796334330241115,0.12500251388550052
-0.2781006104151401,0.3983062753677385,0.01973197873433439,0.03425215498605915,-0.12902649148305392
-0.11004724438985304,-1.3568146158854144,0.06464970493316691,-0.04205134328206312,-0.18848495260874995
0.4000889790852847,-0.3004213368097925,0.06614805666605819,0.07821653175353396,-0.1623489192326854
0.3653514877955113,0.5126592906316091,-0.05024975299835188,0.04996811389923082,0.10915322303771989
0.35881497287750125,0.7150904137293481,0.07578585529327482,0.09710691833495952,-0.13945528761545822
-0.059925319671632116,0.38185712782541836,-0.021765006701151612,0.06823537635803004,-0.1832337589263907
0.3721737168629984,-0.7559361912409528,0.04985162798563365,0.10389325205485028,-0.02522078609466183
0.22273876444498553,0.05641703701019307,0.08193513806660636,-0.0565789992014567,0.23146939055125038
0.23747826480865308,-0.7925969753265416,0.07465099080404025,0.08127020422617255,0.1085091533660903
-0.05242291609446652,-1.401767573356629,0.0006458473205523951,-0.07987595240274581,0.2005226071675627
0.18840172545115105,-0.9252825775146487,0.028542988459268948,-0.029863380432131915,-0.2724044154485059
0.35764342212676836,-0.14861509259541994,-0.06585001405080565,-0.02457811609903726,-0.19836059824625502
-0.595811229705814,0.2561381823221813,0.014933783849081533,-0.022581120491026944,0.15409562969207866
-0.006885170936587026,0.44668431758880295,-0.0090558751424138,0.07431982040405344,0.1820279343922933
0.49435223452250215,0.0030736894607554244,-0.025900602022808566,-0.07788660653432126,-0.043988179842635027
0.2797437149683626,0.24776951217651358,-0.027962443987528795,0.04770848655700472,-0.0050962219238281925
-0.2332911183039408,0.4321090291341163,0.048373482068376605,0.06583783849080489,0.06607839647929194
0.5553854033152236,0.3851961720784489,0.07925724792480375,0.05435238329569847,0.12005809911091968
0.2862220252354951,0.6747725435892746,-0.014246692975361519,0.039514527002965996,0.162017893473306
0.4458203767140702,0.790070671081545,-0.06628679688771531,-0.013048196792604383,-0.029557953834537305
0.1605438426335653,-0.1395582052866657,0.03926779619852738,0.08945654265085791,0.20546424102783287
0.006344862302142484,-0.32944187609354564,-0.06404375680287583,0.10030746650695761,0.037971190134681254
0.5641846714019778,-0.5995101044972756,0.017225382486983243,-0.059848488807678256,-0.09587466462453795
0.08068563556671655,0.0357525231043464,-0.07692601108550821,0.049035993576046315,-0.2439406353632646
0.3460393384297656,0.12928559335072692,0.020692088127135383,-0.07674410470326852,-0.014465671857194828
-0.5192367089589447,0.505360266685488,-0.02928188769022874,0.05128204695383525,0.15224344762166322
-0.13255873203277385,-0.6837624581654878,0.07229736804961738,0.025699609120685474,-0.13926440238952523
0.15831560834249148,0.8424485896428423,-0.07326198196411221,-0.04883387819926144,0.25363028430938417
0.2935908266703318,-0.6275923112233482,0.026492342631019697,0.004214577356968063,0.040718613942466675
-0.0400547930399634,0.4124670699437462,0.03232958666483353,0.026008590380351134,0.16862351608276746
0.15517325750986516,-0.2373010616302458,0.037851724942526276,0.002349842707314878,-0.025493616739913138
-0.27575193532307934,0.2617124799092625,0.056956574439998686,-0.08712200609842827,-0.26450601228078435
-0.44423671054840225,-0.3364431664148955,-0.03548121897379375,0.07910534413655197,0.16824925613403224
0.34213005320230994,-0.07284980837504551,0.061524649620057346,0.06764219856261953,-0.2868794431686361
0.551734795888264,-0.636690783182782,-0.029876605351763674,0.06208227030435904,-0.18074809837341274
-0.0629156958262172,0.03062584209441782,-0.06883881759643427,0.07697866408030082,-0.10358020973205105
-0.5431570138931273,-0.5371230910619085,-0.06563825829823786,0.05416867987314222,-0.06245071792602434
0.4697828906377165,0.4655262050628693,-0.019757044156396786,0.07515333588918335,-0.16798279984792666
-0.5609059829711875,0.760297205924981,-0.021162866274515912,-0.05412621847788407,-0.1822370182673148
-0.5993649079004884,0.742960479100544,0.07013868713379093,0.09991071446736602,-0.2148813543319777
-0.23123193232218386,0.8306912473042835,-0.04652095921834598,-0.065786393165592,-0.07837934144337987
-0.573159007072448,-0.9167949158350628,-0.05031738503773964,-0.07867052459716785,0.20567008113860621
0.2916405022939053,-0.4061686073939004,0.027636368751527193,-0.09540279738108703,0.025297959327696073
0.355271156946818,0.8062585213979117,-0.016101744651798144,0.03040122381845799,-0.11093051401774036
0.025402467091877084,0.6005168952941863,-0.03136322275797376,-0.09912683264414171,0.2424238958358729
0.12861275418599374,0.5709976154963174,0.01671369616190782,-0.0749731566111304,-0.2593536481857287
0.435910345713298,0.5668882719675689,-0.050476767222089824,-0.0569610659281403,0.20883496284484815
0.27004492568969407,-0.36017844708760466,0.01877906767527107,-0.03250123373667252,0.02309583791096878
-0.2118755941391014,0.7154559822082476,-0.006834144274394993,0.09764860184987582,0.0072832015355453516
0.06131557687123619,-0.4777587248484319,0.06603808466593684,0.04651259167989058,0.1200099109013844
0.5102301635742186,-0.02260958766937282,0.04609796905517719,0.09631155077616153,0.25217125161488646
-0.05456868139902851,-0.7692774705886799,0.03274657758076871,-0.07324413108826015,-0.006233954111737217
-0.030574120203652133,0.7788045673370345,0.052643994967138556,-0.03647805404663271,-0.1464410276412939
0.41955351193745527,0.8387987709045385,-0.012320303916930841,0.10186765352884966,-0.09653286457061516
-0.5005507408777897,0.15869305102030598,-0.040676818211872974,0.01840208816528449,0.036645580609635235
-0.4725106531778988,0.8291620740890542,-0.0052345170974716915,-0.06649209721883272,0.22534737205504798
0.5147084255218501,-0.7124910955429123,0.022800199508667976,0.0018969491322852888,0.1892075382868438
-0.3333570973078409,-0.059669740994774866,0.0656426461537679,0.06525800069173093,-0.2486015383402498
0.43021113554636425,0.7940151262283328,0.03236124992370545,-0.0495395787556947,0.22681776682535532
-0.21531570084889978,0.8309453919728607,0.07478405984242664,-0.08547975508372252,-0.1988240334192896
0.15829587173461632,-0.529802093187972,-0.07769043413798377,0.07602790705363124,0.23616500250498992
0.0938360096613542,0.5085043058395399,0.0013293212254844589,0.03137015120188438,-0.08674652163187963
-0.010543630599980036,-0.25324794737497885,0.02802443695068344,0.01628110917409377,-0.032649092356364706
0.41817986710866273,0.6247629442214894,0.05953528785705462,-0.024202358881630248,-0.18986406580606807
-0.4475583724975588,0.8280737705230689,0.02864571762084792,0.017112716356917163,-0.24394926993052463
-0.46377412700653337,-0.5966171207427972,0.031909234682717974,0.01721763706207491,-0.023503575960797746
-0.17342483933766567,-0.18259593582153508,0.01755952739715272,-0.04042053953806947,-0.25136994457244444
0.047255591710408135,0.07915080483754083,0.04647752380371091,-0.1004200162887568,0.1010982983907068
0.2928348213831569,0.30811225318908114,-0.0371520226796459,0.07141683006286662,0.18585131231944016
-0.03483939170837269,-1.7757129828135194,-0.06763308048248373,-0.05493073145548516,-0.27185783545176356
0.501941067059837,0.5102367779413852,-0.05396523348490683,0.037913736979165856,0.01269052314758179
0.48741898632049685,-0.3991267019907624,-0.015445590655006863,0.07225034650166555,0.02008808708190421
0.37806894683837666,0.20007878526051848,-0.05189780171712377,0.08162306531270092,0.16566479269663759
-0.5144705680211362,-0.2763998781839985,0.07763601907094321,0.05297659842172675,-0.2874472875595113
0.03881189600626474,0.5320435120264695,-0.010252911885580307,0.07141539986928289,0.13538585917154797
0.09923687267303276,-0.37319045416514074,-0.00933571847279624,-0.08302032184600923,-0.19105087471008597
0.33633441797892394,0.686370803833004,-0.07737565644582145,-0.09548188813527148,0.22581031990050932
0.4692936913172423,0.5000606886545813,-0.05162313302358368,0.09102438608805144,0.0907899983723966
-0.29984143924713447,0.035774445215856765,-0.048258500417069174,-0.05517007541657073,-0.07194309743244912
-0.039637259483338516,0.6321973190307597,-0.04030296230316599,0.08218190447489558,-0.2792171007792128
-0.04488994089762518,-1.4237233874003088,-0.013075616836546455,-0.043233885447185,0.16237320137023623
-0.5511005837122555,0.30401180521646637,-0.05775523567199956,0.0502967542012559,-0.08491582139333391
-0.04962407747903929,0.7051112890243508,0.017448120117189103,-0.05660216331482502,-0.2001371463139876
-0.10900064977009914,-0.12854428005218838,-0.042356539090476986,0.0603275152842192,0.14308084297180362
0.43822456645965396,-0.6820128634770669,0.03226320234934632,-0.034763347625737545,0.07777148214975779
-0.008365267117820374,0.7421813710530606,-0.03913949807484913,0.07231901009877477,-0.22566989421844655
-0.29336930179596316,0.6689485750198363,-0.020647841135657874,-0.07601110045115289,0.08461760934193811
-0.31830632177989043,0.781192872047428,-0.06842111714681243,-0.07222749996185429,-0.15352993297576883
0.36107693386078404,-1.0689249162673906,0.03451311937967643,-0.008892097155257295,-0.12796594905853848
-0.16451434803008988,0.6295629657109535,0.0785820687611895,-0.023580573717751685,0.22764310169219917
-0.6257088715235394,0.5063662188847833,0.0533703400294003,-0.012738338152569528,0.20075536664326957
-0.12674840450287242,0.5222486766179427,0.029258004824321004,-0.07883454322815181,-0.11445061206817655
0.23507879034677806,0.41423968251546156,-0.06465794150034923,-0.06147578461964368,0.04109400844573807
0.45452187029520436,0.7000158036549866,0.06738412666321034,-0.020058253924053693,0.060504808108012446
-0.26217957655588864,0.584814305305481,-0.02542759736378697,-0.04316522121429481,0.045655164718622736
0.3927729237874342,-0.30482593091329013,-0.04332620334625156,-0.08471872202555633,0.12782372442881273
0.2578209530512488,0.7088803866704304,-0.04622339216868532,0.009010285059609546,-0.06799306201934519
0.573449068387352,0.6690792913436864,-0.04426197020213075,-0.0005375556945834692,0.046431970914207636
0.29695327313740766,0.07654664071400519,0.07952810955047986,0.015329327901203116,0.2222985095977797
-0.04011664326986002,-0.12783108647664373,0.004372858047486619,0.06696699523925909,0.19718729082743042
-0.3617760324478179,-0.4450902016957595,-0.019657588005066895,0.08817610740661647,-0.1223041025797529
0.33328273200988945,-0.5958324871063208,0.08246729437509846,-0.05638696130116961,-0.015698127110801763
0.14480267492930163,-1.2280801029205326,-0.013315077145894983,0.004850357055661503,-0.05959723027547258
-0.62879616514842,-0.8699549970626804,0.02642107232411628,0.03014278316497614,0.1703187535603836
-0.07797130902608544,-0.39028604348500345,0.0048191992441811715,-0.03241922378540299,-0.2499434423446654
-0.3528402592341078,0.3499200509389185,0.02360730870564609,-0.019134228388466,0.045025687853494076
0.16878195635477544,0.7997371692657507,-0.0057016194661447805,-0.0858158934911134,-0.024419482231142486
-0.05517299874623828,0.281881098111473,0.04910200373331895,-0.035412466367089335,0.12013813749948928
-0.2183396053314225,-1.2818265930811557,0.01635163942972806,-0.025171295801795883,-0.2393669970830331
0.44306980705261173,0.44163079357147467,0.08244633452097115,0.02830181376139529,-0.21195460065206176
0.27505614089965774,0.3415352039337141,-0.03449124209086463,-0.06803567282358768,-0.22660681120554402
0.3785134299596161,-0.43174639542897447,-0.05128546555837097,0.06883618036905903,-0.20525292237600107
-0.2307548958460462,0.7631262184778811,0.011069028536475733,0.09339872614542212,-0.030098926862075995
0.2961564445495619,-0.06539602756500196,0.009521163304643365,0.06889449278513858,0.0504174709320023
-0.23485935147603015,-0.5879276682535868,-0.067181375185652,-0.019413030306496326,-0.196229269663492
0.37207296180724925,0.6839273131688446,-0.028118834813436466,0.023078883171081435,0.01828707504272247
0.37654264132181914,0.5706777079900115,-0.045012195905054564,-0.07660105228423986,-0.2199484173456841
0.18201907666523706,0.47212563069661184,-0.0257746852238967,-0.06415237077077089,0.2512169570922878
-0.34523573271433744,0.7957663024266555,-0.02650865586598791,-0.005015330632529125,0.07888499546051199
0.5745504585901875,0.4424018319447845,-0.050650734901427574,0.06022229671477785,0.22409904956817828
0.06494109630584664,0.6783022403717037,0.027030197779335574,0.09173200925191392,-0.21541515827179156
-0.3367160695393907,-0.29030035432180196,0.0674719387690227,-0.08376279767354242,0.06633542760213473
-0.1707718861897832,0.3007890100479179,-0.0006156679789244279,0.09530447355905809,0.20599929364522426
-0.07032897472381389,0.49867084821064694,-0.04136346181233813,0.10687060038248884,-0.1756716362635302
0.2570868453979485,0.7676139348347963,-0.01770851675669216,0.08481786505381297,0.04468275324503345
-0.408116991678873,0.8084139496485409,0.019970253944397914,-0.03250534470876263,-0.21035444990794328
0.5504325809478746,0.34138570054372624,-0.0012786318461129875,-0.08149278577169114,0.06353572432200061
0.5083241182963085,0.6412332652409872,-0.01594998931884639,0.02737614059448181,0.1206642999648973
0.22694662125905382,0.383218539873757,0.04033507855733124,0.0029754546483364286,-0.1594255158106499
0.2032376203536957,-0.227360563913985,0.029170267740886657,0.08544346745809282,0.21660488859812282
0.08955053456624065,0.7712877270380687,-0.01960639190673974,0.0915946687062607,0.1337772747675529
-0.2778094507853212,0.6046424872080438,-0.015469348589576937,0.05758091036478707,0.23747893238067713
0.2904275197982768,-0.059108862559001774,-0.04417746671041046,0.044958105405170916,0.004590424219769684
-0.6503889764149987,0.07657414309183826,-0.019982135772708354,-0.08569716739654273,-0.045861812909447394
-0.5089739449818916,0.48529381116231435,0.007266287803648408,0.08777044455210041,0.1774123605092352
-0.6518631601333614,-1.4100080474217735,0.07467582225799302,0.07918355623880839,0.008156367937724562
0.24636897818247483,-0.6880745178858437,0.044787663777672085,0.01776690578460638,-0.20244048341115908
0.10451778157552068,0.7956796922683739,-0.01592514610291007,0.04148290856679017,-0.28770214335123506
0.4073822307586672,0.6183026281992633,0.021914369265238213,0.05376331965128524,-0.04395787715912536
0.5170872859954898,0.8360153640111274,0.02323208300272717,0.06616972414651764,-0.06059111944834594
-0.47863289006551085,0.69026579252878,0.0064060611724867655,0.10630797735850098,0.14737390708923587
