Acc. Surface Area [m^2/g],Void Fraction,PLD,LCD,Density,Channel Volume
-0.10076298029336608,-0.10959081719852597,0.0,0.003964208327136731,-0.017503842724836436,-0.018592851933790375
0.030859567700050924,-0.10959082045184916,0.0,0.00396421119531927,-0.017503840982002035,-0.018592848413197
-0.1007629816913201,-0.1312002266110115,0.0,0.003964209233236038,-0.01750384359164551,-0.0185928518062186
-0.10076298029336608,-0.10959081719852597,0.0,0.003964208327136731,-0.017503842724836436,-0.018592851933790375
-0.10076298028948562,-0.10959081598441117,0.0,-0.006935426072644413,-0.017503842637282416,-0.018592852008732702
-0.10076297759636266,-0.1095908141534892,0.0,0.003964211506293669,-0.0247292935423805,-0.01859284898988941
-0.10076297399801354,-0.10959081295256817,0.0,0.00396421125663135,-0.017503839492176973,-0.016916935037782726
0.0308595764600614,-0.1312002165607313,0.0,-0.006935417011894346,-0.02472928829719119,-0.016916934707648264
-0.00914968001462212,0.3081554336132831,0.0,-0.0012033699120123087,0.039223880793142665,0.09579585804982337
-0.08057854632216432,0.30815542906580956,0.0,-0.001203358294733281,0.039223892868806925,0.09579586981989754
-0.009149689502470812,-0.01304675145957543,0.0,-0.0012033830620930136,0.03922388039539024,0.0957958476258015
-0.00914968001462212,0.3081554336132831,0.0,-0.0012033699120123087,0.039223880793142665,0.09579585804982337
-0.009149680043725914,0.30815543345806273,0.0,0.003061700127145739,0.039223880909557904,0.0957958580401221
-0.009149691921775276,0.30815543489259045,0.0,-0.001203381331191189,-0.0057744933203987955,0.09579584684649793
-0.00914968013326873,0.3081554479956201,0.0,-0.0012033695208569228,0.03922388101452571,-0.004757907818226757
-0.08057855786940007,-0.013046755995213342,0.0,0.0030617022907244995,-0.005774485740306162,-0.004757922474915782
0.06939024969916018,-0.13630944344564344,0.0,0.0027602852522007728,-0.0012274218630045908,-0.009491334729827943
0.13255565324468388,-0.13630944918685906,0.0,0.0027602843955780105,-0.0012274222345634994,-0.009491334854004283
0.06939027408137907,0.9786045943586701,0.0,0.0027602871371587485,-0.0012274531515625853,-0.009491307873783382
0.06939024969916018,-0.13630944344564344,0.0,0.0027602852522007728,-0.0012274218630045908,-0.009491334729827943
0.06939024972389841,-0.1363094434597103,0.0,0.0039206684504946195,-0.0012274218503928874,-0.009491334726917555
0.06939024559202762,-0.1363094480475411,0.0,0.0027602794968212344,0.03922388740223447,-0.009491341307390636
0.06939024685872329,-0.1363094486046854,0.0,0.002760278947437947,-0.001227427098201582,0.12506399482052077
0.13255563990523409,0.9786045767302861,0.0,0.00392068213007124,0.03922392055042993,0.12506401275109966
-0.06234671168543477,-0.04576404037749549,0.0,-0.007926763865786307,-0.02396498628853201,-0.01546785476821238
-0.034746356551477224,-0.045764034813328185,0.0,-0.007926767799168996,-0.02396498843930505,-0.015467861386423459
-0.06234670852087826,-0.09909860563396553,0.0,-0.007926764770915445,-0.02396498908055947,-0.015467852949708077
-0.06234671168543477,-0.04576404037749549,0.0,-0.007926763865786307,-0.02396498628853201,-0.01546785476821238
-0.062346716818574385,-0.04576404206668184,0.0,-0.0005569916273816256,-0.023964988797961252,-0.015467860976253472
-0.06234671133085312,-0.045764038866036576,0.0,-0.007926763794966984,-0.019139604558586126,-0.015467855010259253
-0.06234671753190924,-0.04576404621184341,0.0,-0.007926770010575013,-0.023964992450297946,-0.018570163134427265
-0.03474636694552219,-0.0990986111036424,0.0,-0.0005569968766455657,-0.019139612841633298,-0.018570162521888665
-0.03808213715329958,-0.14458280598041415,0.0,-0.004220105185425704,-0.02135653342261014,-0.018494055490446037
0.07556013637081682,-0.14458280374912041,0.0,-0.004220105660788259,-0.021356533211607402,-0.01849405564809179
-0.03808213483154154,0.1235077978934472,0.0,-0.004220107681564209,-0.021356528542140346,-0.01849405833461788
-0.03808213715329958,-0.14458280598041415,0.0,-0.004220105185425704,-0.02135653342261014,-0.018494055490446037
-0.03808213737933933,-0.14458280707229282,0.0,0.0038361491148437288,-0.0213565333964167,-0.018494055304181523
-0.03808213982212085,-0.1445828046135042,0.0,-0.004220105837594024,0.039223889326531224,-0.01849405877166038
-0.03808213925042457,-0.1445828089021477,0.0,-0.004220105260319518,-0.021356533769139756,-0.018575544500733163
0.07556012341374299,0.12350777902514286,0.0,0.003836159928080979,0.03922389540239236,-0.01857553767428424
0.1245883555954788,-0.08590232762430484,0.0,0.0037072199516114956,0.01827537254896013,0.020698797057945428
-0.05952988386192981,-0.08590233212181679,0.0,0.003707216082257242,0.018275377968578452,0.020698798390900892
0.12458836051111577,-0.1181327880662866,0.0,0.003707226487361666,0.018275378032121804,0.020698803763467975
0.1245883555954788,-0.08590232762430484,0.0,0.0037072199516114956,0.01827537254896013,0.020698797057945428
0.12458834924463495,-0.08590233120785952,0.0,-0.0034012498863739693,0.018275372032464175,0.02069879760858991
0.12458836369517182,-0.08590232057962569,0.0,0.003707226187689254,-0.014080082841101115,0.020698803325552344
0.12458835091849327,-0.08590234139623745,0.0,0.0037072136666392863,0.018275364263099614,0.03418494720225378
-0.059529877683477624,-0.11813279424774618,0.0,-0.0034012391270759057,-0.014080083597703685,0.034184958857561794
0.025940998064276476,-0.12522208557512696,0.0,0.0011234232896822627,0.03922389276151082,-0.0177081613104868
-0.005137042072310558,-0.12522208535199753,0.0,0.0011234249995322604,0.03922388984142649,-0.01770816078661787
0.02594099705776898,-0.14072638665452059,0.0,0.0011234250359120762,0.03922389224734314,-0.017708161050977642
0.025940998064276476,-0.12522208557512696,0.0,0.0011234232896822627,0.03922389276151082,-0.0177081613104868
0.02594099766652412,-0.1252220865840597,0.0,0.0015973116623354128,0.03922389270330315,-0.01770816148996043
0.025940998127722822,-0.1252220820556007,0.0,0.0011234282459675615,-0.022448064576795622,-0.01770815498389614
0.025941000492409053,-0.12522208554563505,0.0,0.0011234233080176376,0.03922389316789731,-0.016771536804832666
-0.005137039157319431,-0.140726386847576,0.0,0.0015973115881206534,-0.02244806478576109,-0.016771538019092994
-0.0829886535992652,0.03707254899394079,0.0,0.0035312683316685036,-0.011468667935211367,0.0007221765355401033
-0.09867741286822516,0.037072543836256966,0.0,0.0035312739739310987,-0.011468662258994306,0.0007221824761169393
-0.08298865916731306,-0.0688019260487635,0.0,0.003531277846680786,-0.011468664333127265,0.000722180113370996
-0.0829886535992652,0.03707254899394079,0.0,0.0035312683316685036,-0.011468667935211367,0.0007221765355401033
-0.08298865529989904,0.037072547875383575,0.0,0.0033152333940961467,-0.011468667166870235,0.0007221764889739773
-0.08298865338302373,0.03707255113103505,0.0,0.0035312683378773127,0.009289153806360756,0.0007221766169338076
-0.0829886569732723,0.03707255214161707,0.0,0.003531268519485223,-0.01146866825671167,-0.005431019200865781
-0.09867741225452242,-0.06880192338033037,0.0,0.003315247451828318,0.009289158975880151,-0.005431018498493338
-0.0730678250658093,-0.1312002241115746,0.0,0.00331999043322867,0.03543921035947282,-0.009982023327417336
0.10222439581082048,-0.13120022159845882,0.0,0.003319996904465359,0.035439209397106146,-0.009982028534092618
-0.07306781769526426,0.037072560452700916,0.0,0.003319996086647731,0.03543920989623682,-0.009982027159421704
-0.0730678250658093,-0.1312002241115746,0.0,0.00331999043322867,0.03543921035947282,-0.009982023327417336
-0.07306782351554526,-0.13120022311428334,0.0,-0.0018928700901839346,0.03543920966389126,-0.009982022975261
-0.07306782717884441,-0.13120022486643093,0.0,0.003319990695551195,0.021908540946121036,-0.009982022905023764
-0.07306782474818949,-0.13120022240667217,0.0,0.0033199904292511295,0.035439210607728464,-0.013236528605921167
0.10222439630024992,0.0370725532422269,0.0,-0.001892866409034466,0.021908549225772723,-0.013236534915049572
0.046444602495175805,-0.013046759752905932,0.0,-0.005987199243390931,-0.019629254972872642,-0.015236961652214337
-0.04766447619651444,-0.013046751290482165,0.0,-0.005987204246339403,-0.019629260831958758,-0.015236968743362615
0.04644460504806679,-0.12522209061067163,0.0,-0.00598720358083181,-0.019629260797034174,-0.01523696860657461
0.046444602495175805,-0.013046759752905932,0.0,-0.005987199243390931,-0.019629254972872642,-0.015236961652214337
0.04644460492156214,-0.0130467558761787,0.0,0.003964654369629001,-0.019629255278365853,-0.015236961550253917
0.04644460118734667,-0.013046764094809387,0.0,-0.005987199017448187,-0.020956406574890334,-0.015236961646975645
0.0464446065555482,-0.013046757676444646,0.0,-0.0059871932126892066,-0.019629249172576243,-0.01289189447600317
-0.047664475182925076,-0.12522208527855883,0.0,0.003964648640733981,-0.0209563987853471,-0.01289189338616172
0.15819043566647456,-0.09909859668589587,0.0,0.0038340021721281203,-0.024963630502946536,0.05087667890484832
0.011940286350824567,-0.09909860675630626,0.0,0.0038340010851000625,-0.02496362897062985,0.050876679297265
0.15819042703427844,-0.14458280463285825,0.0,0.0038340018939440335,-0.02496362860561932,0.05087667884373028
0.15819043566647456,-0.09909859668589587,0.0,0.0038340021721281203,-0.024963630502946536,0.05087667890484832
0.1581904264337694,-0.09909860180040903,0.0,0.0024157495927647765,-0.02496362766726331,0.05087668027563874
0.15819043329499743,-0.09909860267837457,0.0,0.0038340021895904297,-0.010479931832038963,0.05087667884227511
0.15819041961377178,-0.09909861350257419,0.0,0.0038339874436497112,-0.02496364536724289,0.07124555583538801
0.011940283369282661,-0.14458280803155507,0.0,0.0024157446333750443,-0.010479934204825733,0.07124556163592692
-0.024279720588044184,0.9786045717879709,0.0,4.625905120814178e-05,-0.0070779046151438875,-0.018593519152976582
-0.08995653589964307,0.9786045788155757,0.0,4.625857487539076e-05,-0.0070779044657441875,-0.018593518899288248
-0.024279727616619003,-0.08590233021493385,0.0,4.626929333123586e-05,-0.007077887123741675,-0.018593526244609755
-0.024279720588044184,0.9786045717879709,0.0,4.625905120814178e-05,-0.0070779046151438875,-0.018593519152976582
-0.024279720407309177,0.9786045939469479,0.0,-0.008961217511678188,-0.007077904250569755,-0.01859351921283335
-0.02427974453263861,0.9786045781889701,0.0,4.623510806889275e-05,0.03922388311572523,-0.018593542870560923
-0.024279720358705827,0.9786045581347814,0.0,4.625904383526169e-05,-0.007077904554607867,-0.01859457866589457
-0.08995655391035447,-0.08590233680821258,0.0,-0.008961236362811209,0.03922388960306612,-0.018594577061012384
-0.050724342325120214,-0.11813279907839996,0.0,-0.0026254975274787318,0.006809491987805818,0.019220006163329067
0.05193577641339897,-0.1181327972079938,0.0,-0.002625498531075826,0.006809490991484699,0.01922000708786073
-0.05072434694535331,-0.13630945177079415,0.0,-0.0026255033118650906,0.006809485989991445,0.019220000415322555
-0.050724342325120214,-0.11813279907839996,0.0,-0.0026254975274787318,0.006809491987805818,0.019220006163329067
-0.05072434222558513,-0.11813279903222185,0.0,0.0037041929125552764,0.0068094906990882114,0.01922000231589968
-0.05072434221481669,-0.11813279937555007,0.0,-0.0026255010546689383,-0.01689586867937275,0.019220007270923822
-0.050724342402342394,-0.11813280059383639,0.0,-0.0026254991947401566,0.006809491322201211,-0.01827008957964911
0.051935770571872146,-0.13630944303081685,0.0,0.003704188868578054,-0.016895871142138873,-0.01827008904685499
0.09524174576828953,0.12350780269897468,0.0,0.00392197394229396,-0.022779239352482064,-0.0184758764698442
-0.07046622953076925,0.12350779856574567,0.0,0.003921952666908826,-0.02277924234096039,-0.018475878202007162
0.09524173163352923,-0.04576404446629264,0.0,0.003921952124122392,-0.022779242185254903,-0.018475876867596535
0.09524174576828953,0.12350780269897468,0.0,0.00392197394229396,-0.022779239352482064,-0.0184758764698442
0.09524173966880575,0.12350779509579295,0.0,0.0006064195035530573,-0.022779239169904004,-0.018475876481291693
0.09524173858730743,0.12350778944499323,0.0,0.003921961564822968,0.0392238822049694,-0.018475889138353543
0.09524174600209033,0.1235078094423322,0.0,0.003921962098005077,-0.02277925199712629,0.009978802411254317
-0.07046623509095908,-0.04576403484446929,0.0,0.000606409776955863,0.03922389767190909,0.009978795783924105
0.0075091629716432075,-0.14072637877490105,0.0,-0.010038813305388108,-0.014847812696049593,0.0016180749920022275
0.16736631888445122,-0.14072639184737154,0.0,-0.010038817207726735,-0.014847815979931825,0.0016180783292414486
0.007509161710719705,0.3081554648813714,0.0,-0.010038811367315577,-0.014847805617512989,0.0016180732266124487
0.0075091629716432075,-0.14072637877490105,0.0,-0.010038813305388108,-0.014847812696049593,0.0016180749920022275
0.007509162472658029,-0.14072638093280454,0.0,-0.005082079026809243,-0.014847810301871508,0.0016180781368166086
0.007509155767911588,-0.14072638645520788,0.0,-0.010038820842116037,0.0005396760646059762,0.0016180692415219053
0.0075091592984002364,-0.14072638555740322,0.0,-0.010038818008421595,-0.014847817475480621,-0.01822700332685295
0.16736632564347628,0.3081554388207345,0.0,-0.005082081748987568,0.0005396803944798245,-0.01822699708796186
-0.0921955996073666,-0.06880192122305744,0.0,0.0020280951151895876,0.03922389536096794,-0.01779229241335997
-0.020628947679942937,-0.06880192458649012,0.0,0.0020280965417623503,0.039223892458345906,-0.017792298170582695
-0.09219560245954199,-0.10959081294829956,0.0,0.0020280920423101367,0.03922389239722786,-0.017792295631758548
-0.0921955996073666,-0.06880192122305744,0.0,0.0020280951151895876,0.03922389536096794,-0.01779229241335997
-0.0921955997460949,-0.06880191982170798,0.0,0.003535167802377448,0.03922389500153564,-0.017792292362913336
-0.09219560429366537,-0.06880192839288307,0.0,0.002028088484754914,-0.023687795729395774,-0.017792301920223217
-0.0921955994931826,-0.06880192131260023,0.0,0.0020280951862029356,0.03922389589764258,0.008815697219203398
-0.020628945816133632,-0.10959081248341437,0.0,0.0035351658186603407,-0.023687793392067155,0.008815690129025219
-0.08767648343981514,-0.1385953617796865,0.0,0.0015973110081298203,-0.02448512151754886,-0.018227004891183826
-0.08535422718564707,-0.13859536140909764,0.0,0.0015973109664143004,-0.024485121537436535,-0.01822700488924358
-0.08767648387224966,0.5103726803705407,0.0,0.0015973116064562087,-0.024485116776777484,-0.01822701100492851
-0.08767648343981514,-0.1385953617796865,0.0,0.0015973110081298203,-0.02448512151754886,-0.018227004891183826
-0.0876764828064673,-0.13859535924367575,0.0,-0.0042201053869697636,-0.02448512154364526,-0.018227004969424605
-0.08767648331462012,-0.13859536068678915,0.0,0.0015973109485154513,-0.024230551196766696,-0.018227004932608298
-0.087676480399144,-0.13859535831337175,0.0,0.001597310996051704,-0.02448512117067966,-0.018494055442715762
-0.08535421220653612,0.510372639405056,0.0,-0.00422011751041268,-0.024230544888220445,-0.018494058217232448
0.016486233060616848,-0.058203005344354714,0.0,0.0033152393110018868,-0.004372042634737831,0.008815691251559963
0.021151530453644235,-0.05820298703804535,0.0,0.003315238811386126,-0.004372042731750611,0.00881569130006635
0.016486233042669485,-0.10462799114068427,0.0,0.0033152399915464606,-0.00437204238590011,0.00881569120450878
0.016486233060616848,-0.058203005344354714,0.0,0.0033152393110018868,-0.004372042634737831,0.008815691251559963
0.01648623726747853,-0.058203000128560244,0.0,0.0037072206934681147,-0.004372043170830391,0.008815690928895495
0.01648623440957939,-0.058203003073770875,0.0,0.003315238971942265,-0.002860233792938146,0.00881569133935652
0.01648623949624987,-0.058202997206147626,0.0,0.0033152450937389776,-0.004372036769539896,0.020698804640075355
0.021151534660020843,-0.10462797283010637,0.0,0.003707214018504615,-0.0028602403302405432,0.02069879250727052
0.10943529357571001,-0.11406992608235063,0.0,-0.0034012501893448607,0.039223892515874464,-0.018270089513098366
-0.04134555359138174,-0.11406992523785453,0.0,-0.003401248466883139,0.03922388609896493,-0.018270095105399373
0.10943529672280422,-0.1338511719939804,0.0,-0.0034012566125602474,0.03922388603445144,-0.01827009552643478
0.10943529357571001,-0.11406992608235063,0.0,-0.0034012501893448607,0.039223892515874464,-0.018270089513098366
0.10943529308210903,-0.1140699236849711,0.0,0.003531274672229006,0.039223892587857946,-0.018270089523575745
0.10943529357571001,-0.11406992608235063,0.0,-0.0034012501893448607,0.039223892515874464,-0.018270089513098366
0.10943529186314362,-0.11406992953629624,0.0,-0.0034012501648976318,0.0392238922129036,-0.017708161279442726
-0.04134555019069617,-0.13385117093712331,0.0,0.003531277461540111,0.03922388513262077,-0.01770816003360472
-0.044538941801583874,0.1954075506440131,0.0,0.003836147574281079,-0.0186234965005618,0.00997880387857243
0.11688593072593596,0.19540755352189684,0.0,0.003836147866774553,-0.01862349775057134,0.009978804690084287
-0.04453892316494602,-0.030960326118608147,0.0,0.0038361487583218334,-0.018623486316161383,0.009978789603628677
-0.044538941801583874,0.1954075506440131,0.0,0.003836147574281079,-0.0186234965005618,0.00997880387857243
-0.044538941641997884,0.19540755064595344,0.0,0.001123420985629009,-0.018623496564105176,0.009978803776223953
-0.044538941832627965,0.1954075506323716,0.0,0.0038361475820420377,-0.018078948438730272,0.009978803886333473
-0.044538931165492006,0.19540753749499956,0.0,0.0038361589394237936,-0.0186234842889826,0.0007221814811540217
0.1168859427603699,-0.030960323985782467,0.0,0.0011234166438225668,-0.018078942658224458,0.0007221755671586727
-0.016892354243318537,-0.09289987001015111,0.0,0.003061704620777178,-0.013263834136499394,-0.01289189271784075
-0.06510726949597788,-0.09289987213036514,0.0,0.003061699393729217,-0.013263840401583961,-0.012891891168546842
-0.0168923596435343,-0.142717780834549,0.0,0.0030616961234288254,-0.013263842830298602,-0.012891893934380857
-0.016892354243318537,-0.09289987001015111,0.0,0.003061704620777178,-0.013263834136499394,-0.01289189271784075
-0.01689235474535962,-0.09289987081535708,0.0,0.002760288809464967,-0.013263837599855216,-0.01289189282455481
-0.016892354966742764,-0.09289986856048928,0.0,0.0030617044571166208,0.03922389735884888,-0.012891893795846649
-0.01689235459304956,-0.0928998708134168,0.0,0.0030617045863376158,-0.013263834214594667,-0.015467855187889653
-0.06510726946328457,-0.14271777658810608,0.0,0.0027602841006591494,0.03922388928971489,-0.015467859415997104
0.17688744289742314,3.246514472883622,0.0,-0.006935351887950247,0.039223894878717226,-0.013236523669717636
0.0634014336423322,3.2465144305637414,0.0,-0.006935352225554414,0.039223895496688914,-0.013236523934562415
0.17688738824334,-0.07794094877880227,0.0,-0.006935419170670976,0.03922389020318711,-0.01323653464865251
0.17688744289742314,3.246514472883622,0.0,-0.006935351887950247,0.039223894878717226,-0.013236523669717636
0.17688744290081854,3.2465144729258224,0.0,-0.007926696431046931,0.03922389492091803,-0.013236523666322244
0.1768874440621582,3.246514465210495,0.0,-0.006935352159974872,-0.01239491303926712,-0.013236523439700831
0.17688739529471312,3.2465144843034808,0.0,-0.0069353996313297195,0.0392238471814194,-0.009491313005662631
0.0634014118021393,-0.07794095772454361,0.0,-0.007926761671842551,-0.012394909887128349,-0.009491329493175727
0.05758567116009848,-0.12833306171601486,0.0,0.00392066779721062,0.012005140320688966,-0.018594576759205658
-0.10281264029452962,-0.12833305473837148,0.0,0.003920667867544886,0.012005140798476812,-0.0185945772927759
0.057585671189687354,0.07366210949325862,0.0,0.0039206523605389565,0.012005130598069317,-0.018594588485138976
0.05758567116009848,-0.12833306171601486,0.0,0.00392066779721062,0.012005140320688966,-0.018594576759205658
0.05758567490702264,-0.12833306288278745,0.0,-0.0012033674099560104,0.01200514068138244,-0.018594576990290067
0.05758567334540811,-0.12833305497110511,0.0,0.003920673849934234,-0.021737755602419685,-0.018594570679803538
0.05758567600511014,-0.12833305682977275,0.0,0.003920673290267587,0.012005146337614844,0.09579586463650537
-0.10281264463138846,0.07366211085662752,0.0,-0.0012033678229393802,-0.02173776137758979,0.09579585914572819
-0.0678132349655304,0.009071780556308424,0.0,-0.0005569886130979279,-0.02210123844570868,0.07124556765425952
-0.013067025123358092,0.009071781344052092,0.0,-0.0005569882643370258,-0.02210123866932312,0.07124556747430083
-0.06781323511735535,-0.121834845886624,0.0,-0.0005569986311214359,-0.022101239960563044,0.07124556429858787
-0.0678132349655304,0.009071780556308424,0.0,-0.0005569886130979279,-0.02210123844570868,0.07124556765425952
-0.06781323678034826,0.009071774337110892,0.0,0.00396421058219858,-0.022101238609369227,0.07124556777678664
-0.06781323477742263,0.009071783106677068,0.0,-0.0005569886665519608,0.014988464261405167,0.0712455677293474
-0.06781324137370878,0.009071775195867913,0.0,-0.0005569941602880241,-0.022101244213602808,-0.01859285444865236
-0.01306702153708706,-0.12183484030819576,0.0,0.0039642132431617905,0.014988463634993744,-0.018592848749443284
-0.07812259665544839,-0.12183484634083774,0.0,-0.008961233531881607,-0.009422965658983855,0.03418495547928615
-0.05372057198333398,-0.12183484246614781,0.0,-0.008961230561835704,-0.009422962710765797,0.03418495827713441
-0.0781225975416601,-0.13859535967863243,0.0,-0.008961233520725143,-0.009422965177315416,0.034184956024012864
-0.07812259665544839,-0.12183484634083774,0.0,-0.008961233531881607,-0.009422965658983855,0.03418495547928615
-0.07812260079110275,-0.12183484539302294,0.0,4.626704680651961e-05,-0.009422965031311233,0.03418495608270558
-0.07812259347837726,-0.12183484233915809,0.0,-0.008961230453278403,0.004539513293614905,0.03418495861609701
-0.07812259983271358,-0.12183484747113352,0.0,-0.008961234573895777,-0.009422967969439883,-0.01779229876158448
-0.053720578981058975,-0.13859535939554918,0.0,4.626541049215782e-05,0.0045395082435182674,-0.01779229864332589
0.03591261462056234,0.07366210472944659,0.0,0.0024157444977512266,-0.02540484862673719,-0.0185755389808522
0.08847673017221194,0.07366210547838514,0.0,0.002415753536430809,-0.025404850545649733,-0.018575548069008328
0.03591261752124411,-0.05820299148355843,0.0,0.0024157387351927545,-0.025404859419407632,-0.01857554308691761
0.03591261462056234,0.07366210472944659,0.0,0.0024157444977512266,-0.02540484862673719,-0.0185755389808522
0.0359126192795035,0.07366210810781924,0.0,0.0038340015362094415,-0.025404850772271566,-0.01857553919098185
0.03591261806470963,0.07366210729077771,0.0,0.0024157442728755946,-0.023095680511905827,-0.018575539530720567
0.0359126119610543,0.07366210415086244,0.0,0.0024157446288154342,-0.0254048505499183,0.0016180726644234034
0.08847672894597056,-0.05820299707100882,0.0,0.0038340002940579544,-0.023095685889032526,0.0016180729995054852
0.14080167543870634,-0.14271776268360556,0.0,-0.0018928702685419574,-0.02053608133379991,-0.005431013433553741
-0.09439471500930573,-0.14271777794783705,0.0,-0.001892871982515032,-0.020536081953953993,-0.005431016996832702
0.14080165592846852,0.19540755056805206,0.0,-0.0018928604069514687,-0.02053607981409493,-0.00543100026746593
0.14080167543870634,-0.14271776268360556,0.0,-0.0018928702685419574,-0.02053608133379991,-0.005431013433553741
0.1408016810313954,-0.1427177608562246,0.0,0.00331999586963019,-0.02053608180586404,-0.005431013299288062
0.14080167492376253,-0.14271776624717558,0.0,-0.0018928705841244654,-0.015570801454596208,-0.005431013392614346
0.14080167132856639,-0.1427177594486663,0.0,-0.0018928702912914541,-0.02053608101943003,-0.018475876789258706
-0.09439468677485521,0.19540757039804404,0.0,0.00331999317044393,-0.015570797094939448,-0.018475880888484737
-0.03133572498394643,-0.07794095246509339,0.0,0.00396464957195955,0.025938336560793692,-0.016771536875457967
0.003188601578973854,-0.07794094768381911,0.0,0.003964647530810913,0.025938328841972797,-0.016771536903591674
-0.03133572472783268,-0.11406992396378582,0.0,0.003964648215235955,0.025938335296232264,-0.016771531012006263
-0.03133572498394643,-0.07794095246509339,0.0,0.00396464957195955,0.025938336560793692,-0.016771536875457967
-0.03133572895836551,-0.07794095711132591,0.0,-0.005987192359461907,0.025938333469675865,-0.016771542944867775
-0.03133573045934706,-0.07794095415214544,0.0,0.003964648978726476,0.03922389214266636,-0.01677153720675656
-0.03133572367223678,-0.07794094903850543,0.0,0.003964649665188821,0.025938336527906378,0.0192200078177848
0.0031885916262399255,-0.11406992134415003,0.0,-0.005987196089505834,0.039223886579275155,0.019220001866245492
-0.056655127592869885,-0.13385117688827453,0.0,0.0037041862185772587,0.03922388345148648,0.12506399521720601
-0.07561944113394325,-0.13385117205024777,0.0,0.0037041928295123774,0.03922388906561538,0.12506400107629212
-0.05665507761043671,3.2465145435806098,0.0,0.003704240915831214,0.039223847674632634,0.12506402458442603
-0.056655127592869885,-0.13385117688827453,0.0,0.0037041862185772587,0.03922388345148648,0.12506399521720601
-0.05665512705648628,-0.13385117615301478,0.0,0.003921947802397595,0.039223886402032816,0.1250639949808829
-0.05665512252055729,-0.13385117220886367,0.0,0.003704192064566708,-0.020094200882789046,0.12506399831045809
-0.056655118215324665,-0.13385116863607743,0.0,0.0037041920789245564,0.03922388830532633,-0.009982023474585716
-0.07561943031585551,3.2465144888840345,0.0,0.00392191206512571,-0.020094277580890215,-0.00998203767444152
0.08191932682947181,-0.03096033531444847,0.0,0.0006064150111827447,-0.016252437787091675,-0.018570158772442193
0.041105674582941,-0.030960331197226586,0.0,0.0006064029515255205,-0.016252450050475695,-0.018570170783593007
0.08191932965399853,-0.09289987529744397,0.0,0.0006064141880293972,-0.01625243824644712,-0.01857015785664164
0.08191932682947181,-0.03096033531444847,0.0,0.0006064150111827447,-0.016252437787091675,-0.018570158772442193
0.08191932552290383,-0.03096033942226011,0.0,-0.002625492719137878,-0.016252437543395604,-0.018570158722771648
0.08191931945165079,-0.030960343041515452,0.0,0.0006064091685887563,0.030424672095299074,-0.018570164930327652
0.08191931660199772,-0.030960340848929877,0.0,0.0006064031068429773,-0.01625244945860081,-0.015236968094153182
0.04110567436669954,-0.092899869348524,0.0,-0.0026255047497882947,0.030424666315860438,-0.015236967933111974
-0.0010254871148693556,-0.10462798548445185,0.0,0.0035351753986712477,-0.02339827222410046,-0.016916940446147548
-0.027847754135048763,-0.1046279863624174,0.0,0.0035351628039886063,-0.02339827695347293,-0.016916939087968787
-0.0010254824068397506,-0.12833306241712614,0.0,0.0035351652055397005,-0.02339827399167307,-0.016916936412356642
-0.0010254871148693556,-0.10462798548445185,0.0,0.0035351753986712477,-0.02339827222410046,-0.016916940446147548
-0.0010254889654849608,-0.10462798760912848,0.0,-0.010038812356748784,-0.023398272982352232,-0.016916937229301144
-0.001025486890672861,-0.10462798547368343,0.0,0.003535170337127076,-0.008291350742025921,-0.016916940674030535
-0.0010254862381649937,-0.10462798472173748,0.0,0.003535175315434279,-0.023398278824170105,0.050876672309532314
-0.027847753969739004,-0.1283330654658494,0.0,-0.010038820995250714,-0.008291357968215951,0.050876674281025776
-0.0965549943909476,0.5103726717988806,0.0,-0.005082082476680363,0.0024562090956412597,-0.004757909436884839
0.14934123991610243,0.5103726257580761,0.0,-0.0050820744522692245,0.002456229957266909,-0.004757906381952826
-0.09655499465579247,0.00907178421291369,0.0,-0.005082080359861719,0.0024562064248796894,-0.004757922206675478
-0.0965549943909476,0.5103726717988806,0.0,-0.005082082476680363,0.0024562090956412597,-0.004757909436884839
-0.09655499379412509,0.5103726709405116,0.0,0.002028095638088423,0.0024562095401536857,-0.004757909264008097
-0.09655499550999,0.5103726655381617,0.0,-0.005082082562536704,-0.02518865659794154,-0.004757908943089695
-0.09655499737506036,0.5103726736423658,0.0,-0.005082082465523928,0.0024562092656560397,-0.018593517436626586
0.14934127584352005,0.009071775887471928,0.0,0.0020280874259576004,-0.025188666251488048,-0.01859353263445278
-0.09867741123404515,-0.13747280240568216,0.0,-0.000874795897592151,-0.01047993016982214,-0.016091521156340587
-0.03808213810892387,-0.1374728043544262,0.0,-0.0008747946461274414,-0.010479929107532341,-0.016091520674914726
-0.09867741062262211,-0.06370596396154721,0.0,-0.0008747949526878296,-0.010479929026041654,-0.016091519816109214
-0.09867741123404515,-0.13747280240568216,0.0,-0.000874795897592151,-0.01047993016982214,-0.016091521156340587
-0.09867740951735571,-0.1374728025989316,0.0,-0.00843861224561504,-0.010479930005822048,-0.016091521016593693
-0.09867741126334299,-0.13747280264598274,0.0,-0.0008747958206610784,-0.014847817882352171,-0.01609152122492863
-0.09867740908070115,-0.137472800185642,0.0,-0.000874796523906568,-0.010479930187381492,0.015019208861631338
-0.03808213495707604,-0.063705968700718,0.0,-0.008438607881641169,-0.014847813955178327,0.015019212340024152
-0.00513704773232651,-0.052242210844997326,0.0,0.003947822877186504,0.03922389262443176,-0.007886930807338401
0.12458834428786456,-0.0522422113955448,0.0,0.003947823937051037,0.0392238908224196,-0.007886924901686153
-0.005137045589799509,-0.1396792275249027,0.0,0.0039478202951916536,0.03922388215529889,-0.007886936872091606
-0.00513704773232651,-0.052242210844997326,0.0,0.003947822877186504,0.03922389262443176,-0.007886930807338401
-0.00513704730304501,-0.052242211121483716,0.0,0.002593396217465238,0.03922389261230517,-0.007886930433839244
-0.00513704773232651,-0.052242210844997326,0.0,0.003947822877186504,0.03922389262443176,-0.007886930807338401
-0.005137046839712024,-0.052242210068798166,0.0,0.003947823053361686,0.03922389226703673,-0.018406079214182688
0.12458834659249991,-0.13967922036332314,0.0,0.0025933898336370324,0.039223886381272076,-0.018406086412045015
0.07556013214770552,-0.11188629442098322,0.0,-0.007425709207600453,0.021908534453444508,-0.01858880384398313
-0.08298866611740476,-0.11188629456262185,0.0,-0.007425703322320842,0.021908540700096665,-0.018588804805379673
0.07556013931064325,-0.11614967266078263,0.0,-0.007425709502519286,0.021908534626612294,-0.01858880387454215
0.07556013214770552,-0.11188629442098322,0.0,-0.007425709207600453,0.021908534453444508,-0.01858880384398313
0.07556012744792195,-0.11188629803179842,0.0,0.003969813079456777,0.021908534594598083,-0.018588803950212115
0.07556013287510725,-0.11188629442602788,0.0,-0.007425709147646551,0.006809485423533865,-0.018588804210885417
0.07556013151518226,-0.11188629424102453,0.0,-0.007425709068872181,0.02190853439087127,0.004504002871690321
-0.08298866382150057,-0.11614968128318053,0.0,0.003969824703138641,0.006809490902620993,0.0045040018982642396
-0.059529875184040716,0.24477041226093824,0.0,0.0029163840482942516,-0.020956388818837404,0.04210143050188583
0.02594099320112336,0.2447703983313599,0.0,0.002916385153269696,-0.02095638904536222,0.042101430403902955
-0.059529883564003606,0.15587729801811903,0.0,0.0029163710796274167,-0.02095641767334506,0.04210141982272034
-0.059529875184040716,0.24477041226093824,0.0,0.0029163840482942516,-0.020956388818837404,0.04210143050188583
-0.059529875171720106,0.24477039880303597,0.0,-0.0015427456217003144,-0.020956388575626404,0.04210143068931452
-0.05952987483004113,0.24477038735523826,0.0,0.0029163838430152633,-0.02277925292844885,0.04210143051731089
-0.05952988777426074,0.2447704048560506,0.0,0.002916372218654345,-0.020956400672730524,-0.0180098100754549
0.0259409755343222,0.15587726129024912,0.0,-0.0015427419638338324,-0.022779251266814172,-0.01800979725754589
-0.03474636430648386,-0.1268099573128469,0.0,0.00377707026559318,-0.023687793416126347,-0.0017958702895945486
-0.1007629800127567,-0.12680995681517135,0.0,0.0037770708336029024,-0.02368779310398773,-0.0017958703982488733
-0.03474636411391353,-0.09609030348976377,0.0,0.0037770698445577233,-0.023687794807289414,-0.0017958697210997188
-0.03474636430648386,-0.1268099573128469,0.0,0.00377707026559318,-0.023687793416126347,-0.0017958702895945486
-0.03474636214135292,-0.12680995496339167,0.0,0.003626579280535225,-0.023687794050298777,-0.0017958700118469641
-0.03474636376728691,-0.1268099576031091,0.0,0.0037770709134444247,-0.007077890364356177,-0.0017958670878821463
-0.03474636438942976,-0.12680995690830366,0.0,0.0037770702505561804,-0.02368779312557308,-0.011340124236012335
-0.1007629775934038,-0.09609030140922792,0.0,0.003626579960400722,-0.007077889661692677,-0.011340121046620594
0.13255563822807748,0.022199298819371785,0.0,-0.0038052861340111305,0.0005396798448055462,-0.017414568934958283
-0.009149682415494076,0.022199324265820906,0.0,-0.0038052908536822827,0.0005396714798795669,-0.01741456503747031
0.1325557515739151,1.5568905053442965,0.0,-0.0038052464548190526,0.0005396776581381157,-0.01741459252749332
0.13255563822807748,0.022199298819371785,0.0,-0.0038052861340111305,0.0005396798448055462,-0.017414568934958283
0.13255563824602484,0.022199298817916623,0.0,-0.0046457116583284745,0.0005396798433502936,-0.01741456891701093
0.13255564097567307,0.0221993033325998,0.0,-0.0038052745383659603,-0.0249636288030888,-0.017414556922158236
0.13255564666906142,0.0221993045003425,0.0,-0.0038052861782489375,0.0005396797375093743,-0.0144642721982867
-0.009149709663082338,1.5568904213966264,0.0,-0.004645729020315459,-0.024963645169919134,-0.014464266721916093
0.030859572503298613,-0.145471626953707,0.0,0.003428662219909437,0.0392238923230616,-0.018536400052495666
-0.06234671056750811,-0.1454716271690753,0.0,0.0034286595282901344,0.03922388917548235,-0.018536397357480985
0.030859576789565236,-0.002600497567036654,0.0,0.003428653567098076,0.03922388662428906,-0.0185364077424553
0.030859572503298613,-0.145471626953707,0.0,0.003428662219909437,0.0392238923230616,-0.018536400052495666
0.030859575094218616,-0.14547162903395178,0.0,0.0008703033998123388,0.0392238938812807,-0.018536393864342214
0.030859577485243806,-0.14547162154854354,0.0,0.0034286668152587185,-0.019629248989852674,-0.01853639333377943
0.03085957217917895,-0.14547163196596863,0.0,0.003428656548931014,0.03922388698435196,-0.018594438630437547
-0.06234671057725793,-0.0026004891078143036,0.0,0.0008702991989169573,-0.019629260771713834,-0.018594438599830024
-0.08057854368710347,-0.0895102888727949,0.0,0.0013657588003358617,-0.016895864550218288,0.14164371853898047
0.0693902512489391,-0.08951028336392486,0.0,0.0013657562377435845,-0.016895865698849478,0.14164372473421588
-0.08057854882683994,-0.12979528750089234,0.0,0.0013657531609836404,-0.01689587035206687,0.14164371268134954
-0.08057854368710347,-0.0895102888727949,0.0,0.0013657588003358617,-0.016895864550218288,0.14164371853898047
-0.08057854254720344,-0.08951028696649398,0.0,0.0036231266874043877,-0.016895864339215527,0.1416437243039642
-0.08057854289935983,-0.08951028844884909,0.0,0.0013657578151712244,0.03543921337996533,0.1416437238669217
-0.08057854953774951,-0.08951029471373964,0.0,0.0013657528313342354,-0.016895873449005474,0.08296529689813424
0.06939024692721434,-0.12979529019134745,0.0,0.0036231165027129433,0.03543920430655514,0.08296529674000341
-0.0704662318943883,-0.10194000215424852,0.0,-0.005529248901778694,0.03922389146551726,0.015019212442857692
-0.09219560536400727,-0.1019400092138676,0.0,-0.005529256863616577,0.03922388226919188,0.01501920043558738
-0.07046623313130113,-0.10717461888280622,0.0,-0.00552925109426726,0.03922388895046124,0.015019206200086056
-0.0704662318943883,-0.10194000215424852,0.0,-0.005529248901778694,0.03922389146551726,0.015019212442857692
-0.07046623217029263,-0.10194000016975531,0.0,-0.0030079776062242325,0.03922389489695589,0.01501921248127475
-0.0704662318943883,-0.10194000215424852,0.0,-0.005529248901778694,0.03922389146551726,0.015019212442857692
-0.07046623489217987,-0.10194000658055302,0.0,-0.005529251386857753,0.039223887605282164,0.042101431030993515
-0.09219559768525261,-0.10717462101155742,0.0,-0.0030079803646852338,0.03922389199782629,0.042101430308539446
0.05193576263438439,0.686549266249058,0.0,0.003432973248030491,-0.014080065078160332,-0.01840609572410674
0.007509173735452293,0.6865492928601451,0.0,0.00343297377723506,-0.014080064595036676,-0.01840609485050661
0.05193578094457432,0.39252641324206117,0.0,0.003432969798256358,-0.014080087134983365,-0.018406093663555462
0.05193576263438439,0.686549266249058,0.0,0.003432973248030491,-0.014080065078160332,-0.01840609572410674
0.05193576241707579,0.6865492523820528,0.0,0.003884432303602914,-0.014080064737645469,-0.01840609545635146
0.05193577989606023,0.6865492634290908,0.0,0.003432997099783508,-0.017503818334565272,-0.01840607155706194
0.051935758636391244,0.6865492527826187,0.0,0.0034329731460698287,-0.01408006500549774,-0.018588826071257614
0.00750916226000598,0.3925264136351568,0.0,0.003884429864895955,-0.01750383837158253,-0.01858879726593543
0.167366328019513,-0.13255115989799382,0.0,0.00033171515620781383,-0.022448075802434096,0.004504001337433382
-0.05072434177816224,-0.13255116093117986,0.0,0.00033172192284836033,-0.02244806528139935,0.004504001461124717
0.16736631451582074,-0.038698015667711555,0.0,0.0003317129448017625,-0.02244808236001216,0.004503995415288942
0.167366328019513,-0.13255115989799382,0.0,0.00033171515620781383,-0.022448075802434096,0.004504001337433382
0.16736632465743853,-0.132551165377372,0.0,0.0018180846841035908,-0.022448075632273693,0.004504001507593769
0.16736634122605518,-0.13255115203442985,0.0,0.0003317210484722957,-0.023964987683963664,0.004504007651703418
0.16736633024304567,-0.13255115468646791,0.0,0.0003317216531528878,-0.02244806895866837,-0.00788693101746807
-0.05072434807167157,-0.03869801121996715,0.0,0.0018180905463911212,-0.02396498829805446,-0.007886930487584322
-0.020628949298794996,-0.022450457854720305,0.0,0.0037744742828848196,0.0092891484189507,-0.018009809350187433
0.09524173209026537,-0.022450461175952435,0.0,0.003774485457785595,0.009289161783914703,-0.018009797770258375
-0.02062894773252386,-0.13510305115477725,0.0,0.0037744856595721132,0.00928915610915284,-0.018009806692522643
-0.020628949298794996,-0.022450457854720305,0.0,0.0037744742828848196,0.0092891484189507,-0.018009809350187433
-0.020628949324018313,-0.022450458510526624,0.0,-0.01059379028534749,0.009289148301565228,-0.0180098098507733
-0.02062894389217642,-0.02245045169382744,0.0,0.0037744800474805115,-0.0012274286906661727,-0.018009803689880446
-0.02062894238411294,-0.02245045081877228,0.0,0.0037744802022158727,0.009289154343132398,-0.0160915192568791
0.09524173862902294,-0.13510304866557515,0.0,-0.010593784180479508,-0.0012274282385866947,-0.01609152067181032
-0.04766448209954738,-0.14173866068847324,0.0,0.003948684560503651,-0.0057744968586484705,0.08296529794887952
-0.024279732843666933,-0.14173866001957022,0.0,0.003948684521213469,-0.0057744966772346135,0.08296529777134616
-0.047664482531739244,-0.0820541537755829,0.0,0.003948688474483784,-0.005774492331062592,0.08296529802600468
-0.04766448209954738,-0.14173866068847324,0.0,0.003948684560503651,-0.0057744968586484705,0.08296529794887952
-0.04766448074427899,-0.14173865661442203,0.0,0.003882715489598912,-0.005774491588914919,0.08296530378128714
-0.04766447863386322,-0.14173865603680805,0.0,0.003948688048985793,-0.021356536458382213,0.08296530089166483
-0.04766447965162413,-0.14173865827450455,0.0,0.003948689151923923,-0.005774492994823973,-0.001795873000131301
-0.02427971984667236,-0.0820541420882607,0.0,0.003882722634783342,-0.02135653312230715,-0.0017958699496617996
0.10222438694278634,-0.07353441918724762,0.0,-0.0022538010884697035,-0.024729295157885647,-0.01859443263626115
0.1581904271428357,-0.07353441176771111,0.0,-0.002253800037821413,-0.024729292724805424,-0.01859443430682103
0.10222438869047136,-0.14366531764171672,0.0,-0.00225380672466903,-0.024729300801360907,-0.018594439099494268
0.10222438694278634,-0.07353441918724762,0.0,-0.0022538010884697035,-0.024729295157885647,-0.01859443263626115
0.10222438601495622,-0.07353441644071913,0.0,-0.00024998380045870155,-0.024729295254801418,-0.018594432895673283
0.10222439082562537,-0.07353441569003433,0.0,-0.0022537951213113527,0.01827537720372977,-0.01859442674428769
0.10222438708685032,-0.07353441857024642,0.0,-0.00225380116025916,-0.02472929532183724,-0.017414559218256426
0.15819041752217652,-0.14366531827511309,0.0,-0.0002499837034459426,0.018275372888310805,-0.017414560083755845
0.011940285932699541,-0.1200258404102836,0.0,0.0022273076097674704,-0.019139609683188605,-0.014464272370872408
-0.07306782668883292,-0.12002584322365388,0.0,0.002227310350378209,-0.0191396109055495,-0.014464273030559215
0.01194028539233842,-0.12356525288380608,0.0,0.002227307879463014,-0.01913961025022824,-0.014464272273374547
0.011940285932699541,-0.1200258404102836,0.0,0.0022273076097674704,-0.019139609683188605,-0.014464272370872408
0.01194028878749423,-0.12002584137536665,0.0,-0.006455909787910049,-0.01913960479306598,-0.014464266403908056
0.011940285044256618,-0.12002584090582484,0.0,0.00222730733541536,0.039223889293304344,-0.01446427243179642
0.011940282667152746,-0.12002584030706205,0.0,0.0022273075781413243,-0.019139609448029636,-0.01853639913848991
-0.07306782794000657,-0.12356525788500827,0.0,-0.006455917120523125,0.03922388841543582,-0.018536394203062346
-0.08995655051287034,0.09651516184792856,0.0,-0.009494635247683604,0.03922389222347798,-0.011340121362979218
0.046444597135220325,0.09651514709810731,0.0,-0.009494630182646985,0.03922389054127656,-0.011340110993769486
-0.08995654842612569,0.05406434638542125,0.0,-0.00949463630415267,0.03922389228265578,-0.011340122429149528
-0.08995655051287034,0.09651516184792856,0.0,-0.009494635247683604,0.03922389222347798,-0.011340121362979218
-0.0899565482165781,0.09651516182076497,0.0,0.00319623397246082,0.039223892695930164,-0.011340121370740239
-0.0899565522071013,0.09651516075760205,0.0,-0.009494635623511084,-0.011468662388215306,-0.011340121879475192
-0.0899565500415823,0.09651515552589746,0.0,-0.009494640835328028,0.03922388437058543,0.14164371240622137
0.04644461594939154,0.054064349653296324,0.0,0.003196229153351604,-0.011468668117401343,0.1416437094659583
-0.09439471259121396,-0.11614968131102314,0.0,0.003623119852078749,-0.021737757783266712,-0.018594520886059954
0.140801660429667,-0.1161496743668492,0.0,0.003623122183295576,-0.021737761132147496,-0.018594518026123618
-0.09439471209741898,-0.12680995825183344,0.0,0.0036231197177160612,-0.021737757136676604,-0.018594520768189467
-0.09439471259121396,-0.11614968131102314,0.0,0.003623119852078749,-0.021737757783266712,-0.018594520886059954
-0.0943947127475015,-0.11614968112049008,0.0,-0.003805287887419906,-0.021737757710604134,-0.01859452092253681
-0.09439471458841579,-0.11614968001221622,0.0,0.0036231227486860085,-0.013263845016772373,-0.018594518008855296
-0.09439471240475544,-0.11614967938561076,0.0,0.0036231228693699435,-0.021737754945449203,-0.014180298267941262
0.14080166461014113,-0.1268099533423083,0.0,-0.003805285364796889,-0.013263839645272429,-0.014180292228896475
0.003188581731228596,0.15587726652205072,0.0,0.0008703045644021523,0.014988467035679288,0.0605707233107144
-0.03133572484075558,0.1558772817292872,0.0,0.0008703000877479661,0.014988452986290186,0.0605707116454141
0.0031885835046220152,0.02219931459161064,0.0,0.0008702857031797351,0.014988443576051697,0.06057069674182763
0.003188581731228596,0.15587726652205072,0.0,0.0008703045644021523,0.014988467035679288,0.0605707233107144
0.003188587842256896,0.1558772794579273,0.0,0.0037770871991718207,0.014988466239883537,0.06057072174124186
0.0031885728938505047,0.15587725410975206,0.0,0.0008702917058447945,0.03922388142091222,0.06057071080867899
0.0031885814252503243,0.15587726200086768,0.0,0.0008703038621267201,0.014988466687500465,-0.011753487177484222
-0.03133572157646996,0.022199329866076978,0.0,0.003777070825938915,0.03922388631452729,-0.011753492934027847
0.08847673075399752,-0.13967922397966814,0.0,0.003626573713845588,0.03922388752291835,-0.01418029761465731
0.03591261605217976,-0.13967922471793526,0.0,0.0036265746344967265,0.039223887536500135,-0.014180297441004469
0.08847673397094091,-0.08951028420230918,0.0,0.0036265794870754126,0.0392238932888722,-0.014180290861598539
0.08847673075399752,-0.13967922397966814,0.0,0.003626573713845588,0.03922388752291835,-0.01418029761465731
0.08847673058199387,-0.13967922181366402,0.0,0.003428654400922819,0.03922388760605828,-0.01418029760185163
0.08847673700026162,-0.1396792240465099,0.0,0.0036265792024399307,0.012005140861341123,-0.014180291878680383
0.08847672835894628,-0.13967922499956334,0.0,0.003626573676689681,0.0392238866951084,-0.018594523919843283
0.03591261698844999,-0.08951029008555149,0.0,0.003428660835197647,0.012005140345233183,-0.018594517600528576
-0.053720576535658135,-0.0637059685587883,0.0,-0.0046457145526073995,-0.012394917114385557,-0.011753493029197358
-0.0781225973185307,-0.06370596811010422,0.0,-0.004645709326044523,-0.012394914337395074,-0.011753488159156408
-0.05372057650315885,-0.14547163316339726,0.0,-0.004645708786653491,-0.012394915237431046,-0.011753487802876975
-0.053720576535658135,-0.0637059685587883,0.0,-0.0046457145526073995,-0.012394917114385557,-0.011753493029197358
-0.05372057685744951,-0.06370597034304713,0.0,0.0013657483636052292,-0.012394921600935027,-0.01175349310166589
-0.05372057714761468,-0.06370596792170548,0.0,-0.004645712282799669,-0.02210124026130262,-0.011753490555662797
-0.05372057207578715,-0.06370596622349695,0.0,-0.004645712425408427,-0.012394915489227665,0.060570712789097654
-0.07812259600279507,-0.14547163203538124,0.0,0.001365757345483859,-0.022101235951219347,0.06057071702714895
-0.027847746718228598,-0.12979528494305373,0.0,-0.008438614306990833,-0.018078937773243507,-0.018071151889841222
-0.0010254797368543511,-0.12979528243769892,0.0,-0.00843861434579591,-0.018078937782944813,-0.018071152365203798
-0.0278477421203085,-0.05224220703705213,0.0,-0.008438616977752333,-0.018078937067960692,-0.018071153896065277
-0.027847746718228598,-0.12979528494305373,0.0,-0.008438614306990833,-0.018078937773243507,-0.018071151889841222
-0.027847750640163805,-0.12979528856667458,0.0,0.002916376362069706,-0.018078937836980936,-0.018071152096672444
-0.027847747157308415,-0.12979528605394688,0.0,-0.008438614347348165,-0.004372043120286745,-0.018071152223662134
-0.02784774596967808,-0.12979528484206346,0.0,-0.008438611425129522,-0.01807893618165203,0.005527692560572173
-0.001025477162620532,-0.05224220380264644,0.0,0.0029163796233479026,-0.004372048938530505,0.005527687499319051
0.14934126468365622,-0.002600516869473102,0.0,0.002593392806302272,0.0392238859148347,0.005527704926789741
-0.09655499724874972,-0.002600504529449016,0.0,0.0025933966480079173,0.03922389262811825,0.005527693954645662
0.14934128909352395,-0.1374727976083523,0.0,0.002593395975224358,0.03922389264412535,0.005527693648085296
0.14934126468365622,-0.002600516869473102,0.0,0.002593392806302272,0.0392238859148347,0.005527704926789741
0.14934126377115414,-0.002600516758490462,0.0,-0.007425710496124051,0.03922387879448553,0.005527692596854944
0.1493412731470502,-0.0026005160943410877,0.0,0.0025933837176610785,-0.0244851221351807,0.0055276922122963305
0.14934126512671356,-0.0026005180562302943,0.0,0.002593392692021256,0.03922388564048259,-0.018071143714284248
-0.09655498947812399,-0.13747280195001324,0.0,-0.007425705545562433,-0.024485122288557867,-0.01807115093693327
0.041105675593620015,-0.09609030217194234,0.0,-0.0015427227635518709,-0.002860228141459318,-0.01837721738741188
0.08191933361823128,-0.09609030028310372,0.0,-0.0015427346941821046,-0.0028602397567980523,-0.018377228896036584
0.041105676283380806,-0.11188629089534519,0.0,-0.0015427286342795249,-0.0028602342789720964,-0.01837722307138997
0.041105675593620015,-0.09609030217194234,0.0,-0.0015427227635518709,-0.002860228141459318,-0.01837721738741188
0.04110567247301031,-0.09609030289148603,0.0,-0.0008747891460855889,-0.002860228245457009,-0.018377217411374047
0.04110567260184327,-0.09609030055561261,0.0,-0.0015427229259512426,-0.018623479730061558,-0.018377217234519762
0.041105673991066106,-0.09609030551345012,0.0,-0.0015427287253745245,-0.0028602341372364407,0.013704582332090164
0.08191932153664919,-0.1118862911112956,0.0,-0.0008748010261721631,-0.018623492126547115,0.013704576285575372
-0.0756194524093492,1.5568903465275072,0.0,0.003969807602698161,-0.024230566258484233,0.013704575205823242
-0.056655124513781845,1.5568903576640882,0.0,0.003969831011394254,-0.02423054275520088,0.013704599089881466
-0.0756194367068626,0.24477040288087062,0.0,0.003969826981968572,-0.024230553718613646,0.01370457005056475
-0.0756194524093492,1.5568903465275072,0.0,0.003969807602698161,-0.024230566258484233,0.013704575205823242
-0.07561943948181597,1.5568903715331306,0.0,0.003947835597597704,-0.02423056672453341,0.013704575234538914
-0.07561943782280073,1.5568903731072599,0.0,0.003969806844737356,0.03922390258395645,0.013704574736475256
-0.07561944716309292,1.5568903571118915,0.0,0.003969832086101244,-0.024230543899660253,-0.018377210680240473
-0.05665512758016122,0.2447703927286785,0.0,0.00394783521400921,0.039223880877834676,-0.018377208888511357
-0.08535422096266601,-0.14366531280776454,0.0,0.001818099953428215,0.00453951189221699,-0.016276380517180444
0.01648624109710607,-0.14366532164126214,0.0,0.0018180862498896888,0.004539502527574474,-0.016276389117847415
-0.08535422146494966,-0.02245045706678259,0.0,0.0018180854897945908,0.004539501070200158,-0.01627638853552828
-0.08535422096266601,-0.14366531280776454,0.0,0.001818099953428215,0.00453951189221699,-0.016276380517180444
-0.08535422251574346,-0.14366531180940612,0.0,0.00033172535758541066,0.004539510946924612,-0.01627638034925137
-0.08535422406202993,-0.14366531720467415,0.0,0.001818097814975772,0.025938336690160223,-0.016276383147972737
-0.08535421832779928,-0.14366531247937628,0.0,0.0018180969106227352,0.0045395087572494145,-0.007309827071682464
0.01648624079486278,-0.022450460917510406,0.0,0.00033173422125400837,0.02593834547490891,-0.007309827379746521
0.021151533553008146,-0.08205414124056308,0.0,-0.010593778155550045,-0.023095685692872688,-0.007309832852818859
-0.0876764806851861,-0.082054151269258,0.0,-0.010593778621211317,-0.023095689481221305,-0.007309827407977254
0.021151525160433577,-0.13255116122149052,0.0,-0.010593776506090436,-0.023095687476452416,-0.007309829596585299
0.021151533553008146,-0.08205414124056308,0.0,-0.010593778155550045,-0.023095685692872688,-0.007309832852818859
0.02115153397249136,-0.08205413962054688,0.0,0.0037744859153948096,-0.02309568556103234,-0.007309833227870209
0.02115153292339528,-0.08205414206905214,0.0,-0.010593778411663746,-0.020536081573518442,-0.007309832997367899
0.02115153296588687,-0.08205414306944782,0.0,-0.01059378454451989,-0.023095692389858105,-0.0162763824829987
-0.08767648239086455,-0.132551160553024,0.0,0.003774488515724983,-0.020536081912772116,-0.01627638357730272
0.11688594511506382,-0.12356524795031877,0.0,0.0038844388827177223,-0.015570794820087039,0.10980536719968466
0.10943529874542342,-0.12356525094122242,0.0,0.0038844321422705774,-0.015570803568698475,0.10980536204539632
0.11688593347062125,-0.10194000968137215,0.0,0.0038844264961274827,-0.015570806619750036,0.10980535573471571
0.11688594511506382,-0.12356524795031877,0.0,0.0038844388827177223,-0.015570794820087039,0.10980536719968466
0.11688594519694262,-0.12356525103105621,0.0,0.0034329658732167173,-0.01557079487305602,0.10980536787916209
0.11688593922580673,-0.12356525378621887,0.0,0.003884432865888812,-0.025404852163143612,0.1098053613502028
0.11688594435914035,-0.12356524631730285,0.0,0.0038844389727455547,-0.015570795678358977,-0.01858652462707444
0.10943529914239965,-0.10194000464718557,0.0,0.003432959573498609,-0.02540485299376692,-0.018586530305813836
-0.041345552271038,0.05406433977002357,0.0,-0.003007982367513845,0.0392238914113841,-0.018586530359752943
-0.04453893080392543,0.05406433977535926,0.0,-0.0030079823524768734,0.039223891460375554,-0.018586530344715968
-0.041345541098077615,0.6865492477596856,0.0,-0.0030079844513482,0.03922388733393748,-0.018586560291102335
-0.041345552271038,0.05406433977002357,0.0,-0.003007982367513845,0.0392238914113841,-0.018586530359752943
-0.041345551785295066,0.054064336394658324,0.0,-0.005529255886309925,0.03922389130340889,-0.018586530317358373
-0.041345551641813166,0.05406434218670863,0.0,-0.0030079757365941446,-0.009422961661087659,-0.018586524437026433
-0.04134555387533815,0.05406434039944237,0.0,-0.0030079813553796353,0.03922389127149169,0.10980536146079736
-0.044538917576428624,0.6865492673449144,0.0,-0.005529264611541351,-0.009422985587152731,0.10980534900581301
-0.06510726783550735,-0.10717462328272329,0.0,-0.0002499805224943086,0.0304246683343081,-0.0025750706025670675
0.176887389436403,-0.10717461388509644,0.0,-0.0002499815658666138,0.030424675607355307,-0.0025750645276275573
-0.06510726373574774,-0.12002583985983321,0.0,-0.0002499746328491481,0.030424675101918815,-0.002575064329721481
-0.06510726783550735,-0.10717462328272329,0.0,-0.0002499805224943086,0.0304246683343081,-0.0025750706025670675
-0.06510726770541318,-0.10717462271122111,0.0,0.00394868922992224,0.030424668172393785,-0.002575070507397609
-0.06510726556686373,-0.10717462155007527,0.0,-0.0002499775117030534,-0.023398277586966287,-0.002575066320908534
-0.06510727074065169,-0.10717462575616084,0.0,-0.00024998324476960265,0.030424666055866207,0.027069399262739678
0.17688738806590365,-0.12002583172211116,0.0,0.003948681418648153,-0.023398280210870648,0.027069404508608085
0.0634014086816265,0.3925263755071017,0.0,0.003882708888850228,-0.02009419644804433,-0.017302575589177124
-0.016892365680638885,0.3925263767391639,0.0,0.00388270777320332,-0.02009419649655087,-0.017302575899617943
0.06340139877565282,0.09651513413497015,0.0,0.0038827245311889164,-0.020094185011209142,-0.017302560878160882
0.0634014086816265,0.3925263755071017,0.0,0.003882708888850228,-0.02009419644804433,-0.017302575589177124
0.0634014069624633,0.3925263991616279,0.0,-0.0022537898414884405,-0.020094196572802803,-0.01730257566300384
0.06340142059634668,0.39252638624311664,0.0,0.003882720773496318,0.002456220932071984,-0.017302563828222112
0.06340140855638303,0.39252639878133805,0.0,0.0038827089586022656,-0.020094196649928012,-0.018546905170369492
-0.016892361065450445,0.09651515366199118,0.0,-0.0022537946723362786,0.0024562127308066298,-0.018546912798095345
-0.013067023817081129,-0.13510305041258108,0.0,-0.006455913987253259,-0.025188649793174894,0.027069405383760275
0.05758567346871134,-0.1351030537891105,0.0,-0.00645591012905547,-0.025188654833473257,0.027069406166653313
-0.013067024258489266,-0.07353441443953973,0.0,-0.006455904614607211,-0.025188647433339293,0.027069405742707518
-0.013067023817081129,-0.13510305041258108,0.0,-0.006455913987253259,-0.025188649793174894,0.027069405383760275
-0.013067024082217047,-0.13510304930256098,0.0,-0.009494640255579723,-0.025188655564512965,0.027069402380924045
-0.013067025329995274,-0.13510305057701774,0.0,-0.006455916926255065,0.039223889098405705,0.02706940534544023
-0.013067025355121572,-0.13510305280190857,0.0,-0.006455913937679726,-0.025188648758921756,-0.0025750661598673563
0.05758567531292406,-0.0735344157899575,0.0,-0.00949464721304442,0.039223883789381964,-0.0025750768415552343
-0.10281264693733344,-0.0386980036946867,0.0,0.003196236858978685,-0.008291352332065193,-0.018546918389280728
-0.0678132387866693,-0.03869800823100378,0.0,0.0031962347407049063,-0.00829135098698314,-0.018546920853162497
-0.10281264990859196,-0.14173865950666373,0.0,0.0031962345255791003,-0.008291353763246006,-0.01854692122957206
-0.10281264693733344,-0.0386980036946867,0.0,0.003196236858978685,-0.008291352332065193,-0.018546918389280728
-0.10281264321034546,-0.038698001968587005,0.0,0.0022273124572529668,-0.008291351743440206,-0.018546918233575207
-0.10281264660613186,-0.03869800401347067,0.0,0.0031962366891093164,-0.01625244661457446,-0.018546918328744742
-0.10281265388281711,-0.03869800433312773,0.0,0.0031962338762241416,-0.008291356777287227,-0.017302567010725998
-0.0678132330266332,-0.1417386547793285,0.0,0.0022273100058858297,-0.01625244959286646,-0.017302568527035555
