func,grid,k,feature_idx,feature_name,test_r2,attribution,n_tp,tp_norm,tp_raw,first_tp_norm,first_tp_raw,ckpt_path
exponential,3,0,0,Exponent (x0),0.8521,0.9806,0,[],[],,,D:\pykan\github\workflows\Hyein\_workspace\sweep_models\exponential\g3_k0
exponential,3,0,1,Linear (x1),0.8521,0.24515,0,[],[],,,D:\pykan\github\workflows\Hyein\_workspace\sweep_models\exponential\g3_k0
exponential,3,1,0,Exponent (x0),0.9808,0.98265,0,[],[],,,D:\pykan\github\workflows\Hyein\_workspace\sweep_models\exponential\g3_k1
exponential,3,1,1,Linear (x1),0.9808,0.23474,0,[],[],,,D:\pykan\github\workflows\Hyein\_workspace\sweep_models\exponential\g3_k1
exponential,3,2,0,Exponent (x0),0.9811,0.98843,0,[],[],,,D:\pykan\github\workflows\Hyein\_workspace\sweep_models\exponential\g3_k2
exponential,3,2,1,Linear (x1),0.9811,0.20429,0,[],[],,,D:\pykan\github\workflows\Hyein\_workspace\sweep_models\exponential\g3_k2
exponential,3,3,0,Exponent (x0),0.9841,0.97792,0,[],[],,,D:\pykan\github\workflows\Hyein\_workspace\sweep_models\exponential\g3_k3
exponential,3,3,1,Linear (x1),0.9841,0.25632,0,[],[],,,D:\pykan\github\workflows\Hyein\_workspace\sweep_models\exponential\g3_k3
exponential,3,4,0,Exponent (x0),0.9833,0.97494,1,[0.36063],[-0.3480355898012577],0.36063,-0.3480355898012577,D:\pykan\github\workflows\Hyein\_workspace\sweep_models\exponential\g3_k4
exponential,3,4,1,Linear (x1),0.9833,0.27107,0,[],[],,,D:\pykan\github\workflows\Hyein\_workspace\sweep_models\exponential\g3_k4
exponential,3,5,0,Exponent (x0),0.9446,0.96816,1,[0.64591],[0.3643469260699538],0.64591,0.3643469260699538,D:\pykan\github\workflows\Hyein\_workspace\sweep_models\exponential\g3_k5
exponential,3,5,1,Linear (x1),0.9446,0.28778,0,[],[],,,D:\pykan\github\workflows\Hyein\_workspace\sweep_models\exponential\g3_k5
exponential,3,6,0,Exponent (x0),0.97,0.96905,1,[0.64591],[0.3643469260699538],0.64591,0.3643469260699538,D:\pykan\github\workflows\Hyein\_workspace\sweep_models\exponential\g3_k6
exponential,3,6,1,Linear (x1),0.97,0.29094,0,[],[],,,D:\pykan\github\workflows\Hyein\_workspace\sweep_models\exponential\g3_k6
exponential,3,7,0,Exponent (x0),0.8993,0.93716,0,[],[],,,D:\pykan\github\workflows\Hyein\_workspace\sweep_models\exponential\g3_k7
exponential,3,7,1,Linear (x1),0.8993,0.38402,0,[],[],,,D:\pykan\github\workflows\Hyein\_workspace\sweep_models\exponential\g3_k7
exponential,3,8,0,Exponent (x0),0.9622,0.97548,0,[],[],,,D:\pykan\github\workflows\Hyein\_workspace\sweep_models\exponential\g3_k8
exponential,3,8,1,Linear (x1),0.9622,0.26326,0,[],[],,,D:\pykan\github\workflows\Hyein\_workspace\sweep_models\exponential\g3_k8
exponential,5,0,0,Exponent (x0),0.9374,0.98443,0,[],[],,,D:\pykan\github\workflows\Hyein\_workspace\sweep_models\exponential\g5_k0
exponential,5,0,1,Linear (x1),0.9374,0.22276,0,[],[],,,D:\pykan\github\workflows\Hyein\_workspace\sweep_models\exponential\g5_k0
exponential,5,1,0,Exponent (x0),0.9859,0.98519,0,[],[],,,D:\pykan\github\workflows\Hyein\_workspace\sweep_models\exponential\g5_k1
exponential,5,1,1,Linear (x1),0.9859,0.22318,0,[],[],,,D:\pykan\github\workflows\Hyein\_workspace\sweep_models\exponential\g5_k1
exponential,5,2,0,Exponent (x0),0.9929,0.96881,0,[],[],,,D:\pykan\github\workflows\Hyein\_workspace\sweep_models\exponential\g5_k2
exponential,5,2,1,Linear (x1),0.9929,0.29777,0,[],[],,,D:\pykan\github\workflows\Hyein\_workspace\sweep_models\exponential\g5_k2
exponential,5,3,0,Exponent (x0),0.9671,0.98247,1,[0.74243],[0.6053703431755671],0.74243,0.6053703431755671,D:\pykan\github\workflows\Hyein\_workspace\sweep_models\exponential\g5_k3
exponential,5,3,1,Linear (x1),0.9671,0.23299,0,[],[],,,D:\pykan\github\workflows\Hyein\_workspace\sweep_models\exponential\g5_k3
exponential,5,4,0,Exponent (x0),0.9818,0.97611,1,[0.74243],[0.6053703431755671],0.74243,0.6053703431755671,D:\pykan\github\workflows\Hyein\_workspace\sweep_models\exponential\g5_k4
exponential,5,4,1,Linear (x1),0.9818,0.26513,0,[],[],,,D:\pykan\github\workflows\Hyein\_workspace\sweep_models\exponential\g5_k4
exponential,5,5,0,Exponent (x0),0.9814,0.98172,0,[],[],,,D:\pykan\github\workflows\Hyein\_workspace\sweep_models\exponential\g5_k5
exponential,5,5,1,Linear (x1),0.9814,0.23731,0,[],[],,,D:\pykan\github\workflows\Hyein\_workspace\sweep_models\exponential\g5_k5
exponential,5,6,0,Exponent (x0),0.97,0.96931,0,[],[],,,D:\pykan\github\workflows\Hyein\_workspace\sweep_models\exponential\g5_k6
exponential,5,6,1,Linear (x1),0.97,0.28833,0,[],[],,,D:\pykan\github\workflows\Hyein\_workspace\sweep_models\exponential\g5_k6
exponential,5,7,0,Exponent (x0),0.9583,0.96297,0,[],[],,,D:\pykan\github\workflows\Hyein\_workspace\sweep_models\exponential\g5_k7
exponential,5,7,1,Linear (x1),0.9583,0.31068,0,[],[],,,D:\pykan\github\workflows\Hyein\_workspace\sweep_models\exponential\g5_k7
exponential,5,8,0,Exponent (x0),0.967,0.96507,1,[0.42255],[-0.19341302466263813],0.42255,-0.19341302466263813,D:\pykan\github\workflows\Hyein\_workspace\sweep_models\exponential\g5_k8
exponential,5,8,1,Linear (x1),0.967,0.30341,0,[],[],,,D:\pykan\github\workflows\Hyein\_workspace\sweep_models\exponential\g5_k8
exponential,7,0,0,Exponent (x0),0.9467,0.97843,0,[],[],,,D:\pykan\github\workflows\Hyein\_workspace\sweep_models\exponential\g7_k0
exponential,7,0,1,Linear (x1),0.9467,0.2673,0,[],[],,,D:\pykan\github\workflows\Hyein\_workspace\sweep_models\exponential\g7_k0
exponential,7,1,0,Exponent (x0),0.9839,0.98724,0,[],[],,,D:\pykan\github\workflows\Hyein\_workspace\sweep_models\exponential\g7_k1
exponential,7,1,1,Linear (x1),0.9839,0.214,0,[],[],,,D:\pykan\github\workflows\Hyein\_workspace\sweep_models\exponential\g7_k1
exponential,7,2,0,Exponent (x0),0.9914,0.9787,0,[],[],,,D:\pykan\github\workflows\Hyein\_workspace\sweep_models\exponential\g7_k2
exponential,7,2,1,Linear (x1),0.9914,0.25757,0,[],[],,,D:\pykan\github\workflows\Hyein\_workspace\sweep_models\exponential\g7_k2
exponential,7,3,0,Exponent (x0),0.992,0.9668,1,[0.69316],[0.48233652882834815],0.69316,0.48233652882834815,D:\pykan\github\workflows\Hyein\_workspace\sweep_models\exponential\g7_k3
exponential,7,3,1,Linear (x1),0.992,0.30307,0,[],[],,,D:\pykan\github\workflows\Hyein\_workspace\sweep_models\exponential\g7_k3
exponential,7,4,0,Exponent (x0),0.9805,0.9658,1,[0.69316],[0.48233652882834815],0.69316,0.48233652882834815,D:\pykan\github\workflows\Hyein\_workspace\sweep_models\exponential\g7_k4
exponential,7,4,1,Linear (x1),0.9805,0.30309,0,[],[],,,D:\pykan\github\workflows\Hyein\_workspace\sweep_models\exponential\g7_k4
exponential,7,5,0,Exponent (x0),0.9747,0.96195,1,[0.31664],[-0.45788453425293546],0.31664,-0.45788453425293546,D:\pykan\github\workflows\Hyein\_workspace\sweep_models\exponential\g7_k5
exponential,7,5,1,Linear (x1),0.9747,0.31718,0,[],[],,,D:\pykan\github\workflows\Hyein\_workspace\sweep_models\exponential\g7_k5
exponential,7,6,0,Exponent (x0),0.9553,0.96229,2,"[0.20923, 0.69316]","[-0.7261017455181022, 0.48233652882834815]",0.20923,-0.7261017455181022,D:\pykan\github\workflows\Hyein\_workspace\sweep_models\exponential\g7_k6
exponential,7,6,1,Linear (x1),0.9553,0.31645,0,[],[],,,D:\pykan\github\workflows\Hyein\_workspace\sweep_models\exponential\g7_k6
exponential,7,7,0,Exponent (x0),0.935,0.9818,2,"[0.31664, 0.56726]","[-0.45788453425293546, 0.1679473015842878]",0.31664,-0.45788453425293546,D:\pykan\github\workflows\Hyein\_workspace\sweep_models\exponential\g7_k7
exponential,7,7,1,Linear (x1),0.935,0.2299,0,[],[],,,D:\pykan\github\workflows\Hyein\_workspace\sweep_models\exponential\g7_k7
exponential,7,8,0,Exponent (x0),0.9471,0.95751,1,[0.31664],[-0.45788453425293546],0.31664,-0.45788453425293546,D:\pykan\github\workflows\Hyein\_workspace\sweep_models\exponential\g7_k8
exponential,7,8,1,Linear (x1),0.9471,0.32726,0,[],[],,,D:\pykan\github\workflows\Hyein\_workspace\sweep_models\exponential\g7_k8
exponential,10,0,0,Exponent (x0),0.9748,0.98459,0,[],[],,,D:\pykan\github\workflows\Hyein\_workspace\sweep_models\exponential\g10_k0
exponential,10,0,1,Linear (x1),0.9748,0.22886,0,[],[],,,D:\pykan\github\workflows\Hyein\_workspace\sweep_models\exponential\g10_k0
exponential,10,1,0,Exponent (x0),0.9911,0.97928,0,[],[],,,D:\pykan\github\workflows\Hyein\_workspace\sweep_models\exponential\g10_k1
exponential,10,1,1,Linear (x1),0.9911,0.25535,0,[],[],,,D:\pykan\github\workflows\Hyein\_workspace\sweep_models\exponential\g10_k1
exponential,10,2,0,Exponent (x0),0.9888,0.98262,0,[],[],,,D:\pykan\github\workflows\Hyein\_workspace\sweep_models\exponential\g10_k2
exponential,10,2,1,Linear (x1),0.9888,0.23872,0,[],[],,,D:\pykan\github\workflows\Hyein\_workspace\sweep_models\exponential\g10_k2
exponential,10,3,0,Exponent (x0),0.9792,0.98806,0,[],[],,,D:\pykan\github\workflows\Hyein\_workspace\sweep_models\exponential\g10_k3
exponential,10,3,1,Linear (x1),0.9792,0.20798,0,[],[],,,D:\pykan\github\workflows\Hyein\_workspace\sweep_models\exponential\g10_k3
exponential,10,4,0,Exponent (x0),0.9772,0.96121,0,[],[],,,D:\pykan\github\workflows\Hyein\_workspace\sweep_models\exponential\g10_k4
exponential,10,4,1,Linear (x1),0.9772,0.32234,0,[],[],,,D:\pykan\github\workflows\Hyein\_workspace\sweep_models\exponential\g10_k4
exponential,10,5,0,Exponent (x0),0.9676,0.95231,1,[0.68356],[0.4583640381091822],0.68356,0.4583640381091822,D:\pykan\github\workflows\Hyein\_workspace\sweep_models\exponential\g10_k5
exponential,10,5,1,Linear (x1),0.9676,0.34922,0,[],[],,,D:\pykan\github\workflows\Hyein\_workspace\sweep_models\exponential\g10_k5
exponential,10,6,0,Exponent (x0),0.9656,0.95462,2,"[0.18468, 0.50061]","[-0.7874063962634691, 0.0015132904975791572]",0.18468,-0.7874063962634691,D:\pykan\github\workflows\Hyein\_workspace\sweep_models\exponential\g10_k6
exponential,10,6,1,Linear (x1),0.9656,0.33953,0,[],[],,,D:\pykan\github\workflows\Hyein\_workspace\sweep_models\exponential\g10_k6
exponential,10,7,0,Exponent (x0),0.8902,0.95206,2,"[0.25139, 0.42255]","[-0.6208225571097656, -0.19341302466263813]",0.25139,-0.6208225571097656,D:\pykan\github\workflows\Hyein\_workspace\sweep_models\exponential\g10_k7
exponential,10,7,1,Linear (x1),0.8902,0.34996,0,[],[],,,D:\pykan\github\workflows\Hyein\_workspace\sweep_models\exponential\g10_k7
exponential,10,8,0,Exponent (x0),0.9672,0.95725,1,[0.42255],[-0.19341302466263813],0.42255,-0.19341302466263813,D:\pykan\github\workflows\Hyein\_workspace\sweep_models\exponential\g10_k8
exponential,10,8,1,Linear (x1),0.9672,0.33059,0,[],[],,,D:\pykan\github\workflows\Hyein\_workspace\sweep_models\exponential\g10_k8
exponential,15,0,0,Exponent (x0),0.9773,0.97787,0,[],[],,,D:\pykan\github\workflows\Hyein\_workspace\sweep_models\exponential\g15_k0
exponential,15,0,1,Linear (x1),0.9773,0.25719,0,[],[],,,D:\pykan\github\workflows\Hyein\_workspace\sweep_models\exponential\g15_k0
exponential,15,1,0,Exponent (x0),0.9803,0.98846,1,[0.42255],[-0.19341302466263813],0.42255,-0.19341302466263813,D:\pykan\github\workflows\Hyein\_workspace\sweep_models\exponential\g15_k1
exponential,15,1,1,Linear (x1),0.9803,0.20541,0,[],[],,,D:\pykan\github\workflows\Hyein\_workspace\sweep_models\exponential\g15_k1
exponential,15,2,0,Exponent (x0),0.9889,0.9826,0,[],[],,,D:\pykan\github\workflows\Hyein\_workspace\sweep_models\exponential\g15_k2
exponential,15,2,1,Linear (x1),0.9889,0.23849,0,[],[],,,D:\pykan\github\workflows\Hyein\_workspace\sweep_models\exponential\g15_k2
exponential,15,3,0,Exponent (x0),0.9536,0.93356,1,[0.30196],[-0.49454246797765977],0.30196,-0.49454246797765977,D:\pykan\github\workflows\Hyein\_workspace\sweep_models\exponential\g15_k3
exponential,15,3,1,Linear (x1),0.9536,0.40568,0,[],[],,,D:\pykan\github\workflows\Hyein\_workspace\sweep_models\exponential\g15_k3
exponential,15,4,0,Exponent (x0),0.9761,0.96859,1,[0.47468],[-0.06323740578866777],0.47468,-0.06323740578866777,D:\pykan\github\workflows\Hyein\_workspace\sweep_models\exponential\g15_k4
exponential,15,4,1,Linear (x1),0.9761,0.29653,0,[],[],,,D:\pykan\github\workflows\Hyein\_workspace\sweep_models\exponential\g15_k4
exponential,15,5,0,Exponent (x0),0.9536,0.93949,2,"[0.14933, 0.36063]","[-0.8756800990678976, -0.3480355898012577]",0.14933,-0.8756800990678976,D:\pykan\github\workflows\Hyein\_workspace\sweep_models\exponential\g15_k5
exponential,15,5,1,Linear (x1),0.9536,0.38726,0,[],[],,,D:\pykan\github\workflows\Hyein\_workspace\sweep_models\exponential\g15_k5
exponential,15,6,0,Exponent (x0),0.9643,0.94237,2,"[0.14933, 0.36063]","[-0.8756800990678976, -0.3480355898012577]",0.14933,-0.8756800990678976,D:\pykan\github\workflows\Hyein\_workspace\sweep_models\exponential\g15_k6
exponential,15,6,1,Linear (x1),0.9643,0.37979,0,[],[],,,D:\pykan\github\workflows\Hyein\_workspace\sweep_models\exponential\g15_k6
exponential,15,7,0,Exponent (x0),0.7009,0.91481,1,[0.20366],[-0.7400107844041184],0.20366,-0.7400107844041184,D:\pykan\github\workflows\Hyein\_workspace\sweep_models\exponential\g15_k7
exponential,15,7,1,Linear (x1),0.7009,0.44972,0,[],[],,,D:\pykan\github\workflows\Hyein\_workspace\sweep_models\exponential\g15_k7
exponential,15,8,0,Exponent (x0),0.9557,0.93545,2,"[0.14933, 0.30196]","[-0.8756800990678976, -0.49454246797765977]",0.14933,-0.8756800990678976,D:\pykan\github\workflows\Hyein\_workspace\sweep_models\exponential\g15_k8
exponential,15,8,1,Linear (x1),0.9557,0.3947,0,[],[],,,D:\pykan\github\workflows\Hyein\_workspace\sweep_models\exponential\g15_k8
exponential,30,0,0,Exponent (x0),0.9554,0.98228,0,[],[],,,D:\pykan\github\workflows\Hyein\_workspace\sweep_models\exponential\g30_k0
exponential,30,0,1,Linear (x1),0.9554,0.25198,0,[],[],,,D:\pykan\github\workflows\Hyein\_workspace\sweep_models\exponential\g30_k0
exponential,30,1,0,Exponent (x0),0.9865,0.98452,0,[],[],,,D:\pykan\github\workflows\Hyein\_workspace\sweep_models\exponential\g30_k1
exponential,30,1,1,Linear (x1),0.9865,0.22636,0,[],[],,,D:\pykan\github\workflows\Hyein\_workspace\sweep_models\exponential\g30_k1
exponential,30,2,0,Exponent (x0),0.973,0.9292,3,"[0.14933, 0.22332, 0.50061]","[-0.8756800990678976, -0.6909171211188267, 0.0015132904975791572]",0.14933,-0.8756800990678976,D:\pykan\github\workflows\Hyein\_workspace\sweep_models\exponential\g30_k2
exponential,30,2,1,Linear (x1),0.973,0.41971,0,[],[],,,D:\pykan\github\workflows\Hyein\_workspace\sweep_models\exponential\g30_k2
exponential,30,3,0,Exponent (x0),0.9109,0.89304,2,"[0.14933, 0.36063]","[-0.8756800990678976, -0.3480355898012577]",0.14933,-0.8756800990678976,D:\pykan\github\workflows\Hyein\_workspace\sweep_models\exponential\g30_k3
exponential,30,3,1,Linear (x1),0.9109,0.49619,0,[],[],,,D:\pykan\github\workflows\Hyein\_workspace\sweep_models\exponential\g30_k3
exponential,30,4,0,Exponent (x0),0.9517,0.94832,3,"[0.14933, 0.22332, 0.50061]","[-0.8756800990678976, -0.6909171211188267, 0.0015132904975791572]",0.14933,-0.8756800990678976,D:\pykan\github\workflows\Hyein\_workspace\sweep_models\exponential\g30_k4
exponential,30,4,1,Linear (x1),0.9517,0.3675,0,[],[],,,D:\pykan\github\workflows\Hyein\_workspace\sweep_models\exponential\g30_k4
exponential,30,5,0,Exponent (x0),0.8794,0.88298,3,"[0.12428, 0.18468, 0.42255]","[-0.9382333170382209, -0.7874063962634691, -0.19341302466263813]",0.12428,-0.9382333170382209,D:\pykan\github\workflows\Hyein\_workspace\sweep_models\exponential\g30_k5
exponential,30,5,1,Linear (x1),0.8794,0.51501,0,[],[],,,D:\pykan\github\workflows\Hyein\_workspace\sweep_models\exponential\g30_k5
exponential,30,6,0,Exponent (x0),0.9271,0.92853,1,[0.25139],[-0.6208225571097656],0.25139,-0.6208225571097656,D:\pykan\github\workflows\Hyein\_workspace\sweep_models\exponential\g30_k6
exponential,30,6,1,Linear (x1),0.9271,0.41774,0,[],[],,,D:\pykan\github\workflows\Hyein\_workspace\sweep_models\exponential\g30_k6
exponential,30,7,0,Exponent (x0),-0.2592,0.0808,0,[],[],,,D:\pykan\github\workflows\Hyein\_workspace\sweep_models\exponential\g30_k7
exponential,30,7,1,Linear (x1),-0.2592,0.99865,0,[],[],,,D:\pykan\github\workflows\Hyein\_workspace\sweep_models\exponential\g30_k7
exponential,30,8,0,Exponent (x0),0.2765,0.88704,1,[0.14933],[-0.8756800990678976],0.14933,-0.8756800990678976,D:\pykan\github\workflows\Hyein\_workspace\sweep_models\exponential\g30_k8
exponential,30,8,1,Linear (x1),0.2765,0.53125,0,[],[],,,D:\pykan\github\workflows\Hyein\_workspace\sweep_models\exponential\g30_k8
logarithm,3,0,0,Log (x0),0.9612,0.70623,0,[],[],,,D:\pykan\github\workflows\Hyein\_workspace\sweep_models\logarithm\g3_k0
logarithm,3,0,1,Linear (x1),0.9612,0.68115,0,[],[],,,D:\pykan\github\workflows\Hyein\_workspace\sweep_models\logarithm\g3_k0
logarithm,3,1,0,Log (x0),0.9982,0.71534,0,[],[],,,D:\pykan\github\workflows\Hyein\_workspace\sweep_models\logarithm\g3_k1
logarithm,3,1,1,Linear (x1),0.9982,0.66498,0,[],[],,,D:\pykan\github\workflows\Hyein\_workspace\sweep_models\logarithm\g3_k1
logarithm,3,2,0,Log (x0),0.9997,0.71578,0,[],[],,,D:\pykan\github\workflows\Hyein\_workspace\sweep_models\logarithm\g3_k2
logarithm,3,2,1,Linear (x1),0.9997,0.66312,0,[],[],,,D:\pykan\github\workflows\Hyein\_workspace\sweep_models\logarithm\g3_k2
logarithm,3,3,0,Log (x0),1.0,0.71586,0,[],[],,,D:\pykan\github\workflows\Hyein\_workspace\sweep_models\logarithm\g3_k3
logarithm,3,3,1,Linear (x1),1.0,0.66256,0,[],[],,,D:\pykan\github\workflows\Hyein\_workspace\sweep_models\logarithm\g3_k3
logarithm,3,4,0,Log (x0),1.0,0.71585,0,[],[],,,D:\pykan\github\workflows\Hyein\_workspace\sweep_models\logarithm\g3_k4
logarithm,3,4,1,Linear (x1),1.0,0.66246,0,[],[],,,D:\pykan\github\workflows\Hyein\_workspace\sweep_models\logarithm\g3_k4
logarithm,3,5,0,Log (x0),1.0,0.71586,0,[],[],,,D:\pykan\github\workflows\Hyein\_workspace\sweep_models\logarithm\g3_k5
logarithm,3,5,1,Linear (x1),1.0,0.66243,0,[],[],,,D:\pykan\github\workflows\Hyein\_workspace\sweep_models\logarithm\g3_k5
logarithm,3,6,0,Log (x0),0.9998,0.71551,0,[],[],,,D:\pykan\github\workflows\Hyein\_workspace\sweep_models\logarithm\g3_k6
logarithm,3,6,1,Linear (x1),0.9998,0.66308,0,[],[],,,D:\pykan\github\workflows\Hyein\_workspace\sweep_models\logarithm\g3_k6
logarithm,3,7,0,Log (x0),0.9979,0.7185,0,[],[],,,D:\pykan\github\workflows\Hyein\_workspace\sweep_models\logarithm\g3_k7
logarithm,3,7,1,Linear (x1),0.9979,0.66093,0,[],[],,,D:\pykan\github\workflows\Hyein\_workspace\sweep_models\logarithm\g3_k7
logarithm,3,8,0,Log (x0),0.9998,0.71614,0,[],[],,,D:\pykan\github\workflows\Hyein\_workspace\sweep_models\logarithm\g3_k8
logarithm,3,8,1,Linear (x1),0.9998,0.66236,0,[],[],,,D:\pykan\github\workflows\Hyein\_workspace\sweep_models\logarithm\g3_k8
logarithm,5,0,0,Log (x0),0.9828,0.71145,0,[],[],,,D:\pykan\github\workflows\Hyein\_workspace\sweep_models\logarithm\g5_k0
logarithm,5,0,1,Linear (x1),0.9828,0.67512,0,[],[],,,D:\pykan\github\workflows\Hyein\_workspace\sweep_models\logarithm\g5_k0
logarithm,5,1,0,Log (x0),0.9996,0.71569,0,[],[],,,D:\pykan\github\workflows\Hyein\_workspace\sweep_models\logarithm\g5_k1
logarithm,5,1,1,Linear (x1),0.9996,0.66356,0,[],[],,,D:\pykan\github\workflows\Hyein\_workspace\sweep_models\logarithm\g5_k1
logarithm,5,2,0,Log (x0),1.0,0.71587,0,[],[],,,D:\pykan\github\workflows\Hyein\_workspace\sweep_models\logarithm\g5_k2
logarithm,5,2,1,Linear (x1),1.0,0.66242,0,[],[],,,D:\pykan\github\workflows\Hyein\_workspace\sweep_models\logarithm\g5_k2
logarithm,5,3,0,Log (x0),1.0,0.71584,0,[],[],,,D:\pykan\github\workflows\Hyein\_workspace\sweep_models\logarithm\g5_k3
logarithm,5,3,1,Linear (x1),1.0,0.66241,0,[],[],,,D:\pykan\github\workflows\Hyein\_workspace\sweep_models\logarithm\g5_k3
logarithm,5,4,0,Log (x0),1.0,0.71583,0,[],[],,,D:\pykan\github\workflows\Hyein\_workspace\sweep_models\logarithm\g5_k4
logarithm,5,4,1,Linear (x1),1.0,0.66244,0,[],[],,,D:\pykan\github\workflows\Hyein\_workspace\sweep_models\logarithm\g5_k4
logarithm,5,5,0,Log (x0),1.0,0.71585,0,[],[],,,D:\pykan\github\workflows\Hyein\_workspace\sweep_models\logarithm\g5_k5
logarithm,5,5,1,Linear (x1),1.0,0.66246,0,[],[],,,D:\pykan\github\workflows\Hyein\_workspace\sweep_models\logarithm\g5_k5
logarithm,5,6,0,Log (x0),0.9978,0.71617,0,[],[],,,D:\pykan\github\workflows\Hyein\_workspace\sweep_models\logarithm\g5_k6
logarithm,5,6,1,Linear (x1),0.9978,0.66288,0,[],[],,,D:\pykan\github\workflows\Hyein\_workspace\sweep_models\logarithm\g5_k6
logarithm,5,7,0,Log (x0),0.9996,0.71637,0,[],[],,,D:\pykan\github\workflows\Hyein\_workspace\sweep_models\logarithm\g5_k7
logarithm,5,7,1,Linear (x1),0.9996,0.66176,0,[],[],,,D:\pykan\github\workflows\Hyein\_workspace\sweep_models\logarithm\g5_k7
logarithm,5,8,0,Log (x0),0.9977,0.71635,0,[],[],,,D:\pykan\github\workflows\Hyein\_workspace\sweep_models\logarithm\g5_k8
logarithm,5,8,1,Linear (x1),0.9977,0.66229,0,[],[],,,D:\pykan\github\workflows\Hyein\_workspace\sweep_models\logarithm\g5_k8
logarithm,7,0,0,Log (x0),0.9899,0.71549,0,[],[],,,D:\pykan\github\workflows\Hyein\_workspace\sweep_models\logarithm\g7_k0
logarithm,7,0,1,Linear (x1),0.9899,0.66591,0,[],[],,,D:\pykan\github\workflows\Hyein\_workspace\sweep_models\logarithm\g7_k0
logarithm,7,1,0,Log (x0),0.9998,0.71564,0,[],[],,,D:\pykan\github\workflows\Hyein\_workspace\sweep_models\logarithm\g7_k1
logarithm,7,1,1,Linear (x1),0.9998,0.66249,0,[],[],,,D:\pykan\github\workflows\Hyein\_workspace\sweep_models\logarithm\g7_k1
logarithm,7,2,0,Log (x0),1.0,0.71583,0,[],[],,,D:\pykan\github\workflows\Hyein\_workspace\sweep_models\logarithm\g7_k2
logarithm,7,2,1,Linear (x1),1.0,0.66245,0,[],[],,,D:\pykan\github\workflows\Hyein\_workspace\sweep_models\logarithm\g7_k2
logarithm,7,3,0,Log (x0),1.0,0.71583,0,[],[],,,D:\pykan\github\workflows\Hyein\_workspace\sweep_models\logarithm\g7_k3
logarithm,7,3,1,Linear (x1),1.0,0.66245,0,[],[],,,D:\pykan\github\workflows\Hyein\_workspace\sweep_models\logarithm\g7_k3
logarithm,7,4,0,Log (x0),1.0,0.71583,0,[],[],,,D:\pykan\github\workflows\Hyein\_workspace\sweep_models\logarithm\g7_k4
logarithm,7,4,1,Linear (x1),1.0,0.66245,0,[],[],,,D:\pykan\github\workflows\Hyein\_workspace\sweep_models\logarithm\g7_k4
logarithm,7,5,0,Log (x0),1.0,0.71579,0,[],[],,,D:\pykan\github\workflows\Hyein\_workspace\sweep_models\logarithm\g7_k5
logarithm,7,5,1,Linear (x1),1.0,0.66247,0,[],[],,,D:\pykan\github\workflows\Hyein\_workspace\sweep_models\logarithm\g7_k5
logarithm,7,6,0,Log (x0),0.9952,0.71946,0,[],[],,,D:\pykan\github\workflows\Hyein\_workspace\sweep_models\logarithm\g7_k6
logarithm,7,6,1,Linear (x1),0.9952,0.66059,0,[],[],,,D:\pykan\github\workflows\Hyein\_workspace\sweep_models\logarithm\g7_k6
logarithm,7,7,0,Log (x0),0.9994,0.71447,1,[0.78794],[0.7190149319911125],0.78794,0.7190149319911125,D:\pykan\github\workflows\Hyein\_workspace\sweep_models\logarithm\g7_k7
logarithm,7,7,1,Linear (x1),0.9994,0.66459,0,[],[],,,D:\pykan\github\workflows\Hyein\_workspace\sweep_models\logarithm\g7_k7
logarithm,7,8,0,Log (x0),0.9998,0.71646,0,[],[],,,D:\pykan\github\workflows\Hyein\_workspace\sweep_models\logarithm\g7_k8
logarithm,7,8,1,Linear (x1),0.9998,0.66201,0,[],[],,,D:\pykan\github\workflows\Hyein\_workspace\sweep_models\logarithm\g7_k8
logarithm,10,0,0,Log (x0),0.9945,0.71604,0,[],[],,,D:\pykan\github\workflows\Hyein\_workspace\sweep_models\logarithm\g10_k0
logarithm,10,0,1,Linear (x1),0.9945,0.66566,0,[],[],,,D:\pykan\github\workflows\Hyein\_workspace\sweep_models\logarithm\g10_k0
logarithm,10,1,0,Log (x0),0.9998,0.71554,0,[],[],,,D:\pykan\github\workflows\Hyein\_workspace\sweep_models\logarithm\g10_k1
logarithm,10,1,1,Linear (x1),0.9998,0.66273,0,[],[],,,D:\pykan\github\workflows\Hyein\_workspace\sweep_models\logarithm\g10_k1
logarithm,10,2,0,Log (x0),1.0,0.71583,0,[],[],,,D:\pykan\github\workflows\Hyein\_workspace\sweep_models\logarithm\g10_k2
logarithm,10,2,1,Linear (x1),1.0,0.66243,0,[],[],,,D:\pykan\github\workflows\Hyein\_workspace\sweep_models\logarithm\g10_k2
logarithm,10,3,0,Log (x0),1.0,0.71584,0,[],[],,,D:\pykan\github\workflows\Hyein\_workspace\sweep_models\logarithm\g10_k3
logarithm,10,3,1,Linear (x1),1.0,0.66245,0,[],[],,,D:\pykan\github\workflows\Hyein\_workspace\sweep_models\logarithm\g10_k3
logarithm,10,4,0,Log (x0),1.0,0.71583,0,[],[],,,D:\pykan\github\workflows\Hyein\_workspace\sweep_models\logarithm\g10_k4
logarithm,10,4,1,Linear (x1),1.0,0.66245,0,[],[],,,D:\pykan\github\workflows\Hyein\_workspace\sweep_models\logarithm\g10_k4
logarithm,10,5,0,Log (x0),1.0,0.71583,0,[],[],,,D:\pykan\github\workflows\Hyein\_workspace\sweep_models\logarithm\g10_k5
logarithm,10,5,1,Linear (x1),1.0,0.66242,0,[],[],,,D:\pykan\github\workflows\Hyein\_workspace\sweep_models\logarithm\g10_k5
logarithm,10,6,0,Log (x0),1.0,0.71583,0,[],[],,,D:\pykan\github\workflows\Hyein\_workspace\sweep_models\logarithm\g10_k6
logarithm,10,6,1,Linear (x1),1.0,0.66224,0,[],[],,,D:\pykan\github\workflows\Hyein\_workspace\sweep_models\logarithm\g10_k6
logarithm,10,7,0,Log (x0),0.9991,0.71623,0,[],[],,,D:\pykan\github\workflows\Hyein\_workspace\sweep_models\logarithm\g10_k7
logarithm,10,7,1,Linear (x1),0.9991,0.66245,0,[],[],,,D:\pykan\github\workflows\Hyein\_workspace\sweep_models\logarithm\g10_k7
logarithm,10,8,0,Log (x0),0.9991,0.7166,0,[],[],,,D:\pykan\github\workflows\Hyein\_workspace\sweep_models\logarithm\g10_k8
logarithm,10,8,1,Linear (x1),0.9991,0.66088,0,[],[],,,D:\pykan\github\workflows\Hyein\_workspace\sweep_models\logarithm\g10_k8
logarithm,15,0,0,Log (x0),0.9979,0.71527,0,[],[],,,D:\pykan\github\workflows\Hyein\_workspace\sweep_models\logarithm\g15_k0
logarithm,15,0,1,Linear (x1),0.9979,0.66358,0,[],[],,,D:\pykan\github\workflows\Hyein\_workspace\sweep_models\logarithm\g15_k0
logarithm,15,1,0,Log (x0),0.9997,0.7155,0,[],[],,,D:\pykan\github\workflows\Hyein\_workspace\sweep_models\logarithm\g15_k1
logarithm,15,1,1,Linear (x1),0.9997,0.66265,0,[],[],,,D:\pykan\github\workflows\Hyein\_workspace\sweep_models\logarithm\g15_k1
logarithm,15,2,0,Log (x0),1.0,0.71584,0,[],[],,,D:\pykan\github\workflows\Hyein\_workspace\sweep_models\logarithm\g15_k2
logarithm,15,2,1,Linear (x1),1.0,0.66244,0,[],[],,,D:\pykan\github\workflows\Hyein\_workspace\sweep_models\logarithm\g15_k2
logarithm,15,3,0,Log (x0),1.0,0.71583,0,[],[],,,D:\pykan\github\workflows\Hyein\_workspace\sweep_models\logarithm\g15_k3
logarithm,15,3,1,Linear (x1),1.0,0.66245,0,[],[],,,D:\pykan\github\workflows\Hyein\_workspace\sweep_models\logarithm\g15_k3
logarithm,15,4,0,Log (x0),1.0,0.71583,0,[],[],,,D:\pykan\github\workflows\Hyein\_workspace\sweep_models\logarithm\g15_k4
logarithm,15,4,1,Linear (x1),1.0,0.66245,0,[],[],,,D:\pykan\github\workflows\Hyein\_workspace\sweep_models\logarithm\g15_k4
logarithm,15,5,0,Log (x0),1.0,0.71584,0,[],[],,,D:\pykan\github\workflows\Hyein\_workspace\sweep_models\logarithm\g15_k5
logarithm,15,5,1,Linear (x1),1.0,0.66244,0,[],[],,,D:\pykan\github\workflows\Hyein\_workspace\sweep_models\logarithm\g15_k5
logarithm,15,6,0,Log (x0),1.0,0.7154,1,[0.84867],[0.8706659071343357],0.84867,0.8706659071343357,D:\pykan\github\workflows\Hyein\_workspace\sweep_models\logarithm\g15_k6
logarithm,15,6,1,Linear (x1),1.0,0.66273,0,[],[],,,D:\pykan\github\workflows\Hyein\_workspace\sweep_models\logarithm\g15_k6
logarithm,15,7,0,Log (x0),0.9968,0.71532,1,[0.79853],[0.7454595858156923],0.79853,0.7454595858156923,D:\pykan\github\workflows\Hyein\_workspace\sweep_models\logarithm\g15_k7
logarithm,15,7,1,Linear (x1),0.9968,0.66269,0,[],[],,,D:\pykan\github\workflows\Hyein\_workspace\sweep_models\logarithm\g15_k7
logarithm,15,8,0,Log (x0),0.9996,0.71716,0,[],[],,,D:\pykan\github\workflows\Hyein\_workspace\sweep_models\logarithm\g15_k8
logarithm,15,8,1,Linear (x1),0.9996,0.66079,0,[],[],,,D:\pykan\github\workflows\Hyein\_workspace\sweep_models\logarithm\g15_k8
logarithm,30,0,0,Log (x0),0.9995,0.71569,0,[],[],,,D:\pykan\github\workflows\Hyein\_workspace\sweep_models\logarithm\g30_k0
logarithm,30,0,1,Linear (x1),0.9995,0.66253,0,[],[],,,D:\pykan\github\workflows\Hyein\_workspace\sweep_models\logarithm\g30_k0
logarithm,30,1,0,Log (x0),0.999,0.71502,0,[],[],,,D:\pykan\github\workflows\Hyein\_workspace\sweep_models\logarithm\g30_k1
logarithm,30,1,1,Linear (x1),0.999,0.66287,0,[],[],,,D:\pykan\github\workflows\Hyein\_workspace\sweep_models\logarithm\g30_k1
logarithm,30,2,0,Log (x0),1.0,0.71583,1,[0.77389],[0.6839301929698333],0.77389,0.6839301929698333,D:\pykan\github\workflows\Hyein\_workspace\sweep_models\logarithm\g30_k2
logarithm,30,2,1,Linear (x1),1.0,0.66245,0,[],[],,,D:\pykan\github\workflows\Hyein\_workspace\sweep_models\logarithm\g30_k2
logarithm,30,3,0,Log (x0),1.0,0.71583,1,[0.82633],[0.8148799235232769],0.82633,0.8148799235232769,D:\pykan\github\workflows\Hyein\_workspace\sweep_models\logarithm\g30_k3
logarithm,30,3,1,Linear (x1),1.0,0.66245,0,[],[],,,D:\pykan\github\workflows\Hyein\_workspace\sweep_models\logarithm\g30_k3
logarithm,30,4,0,Log (x0),1.0,0.71583,1,[0.74243],[0.6053703431755671],0.74243,0.6053703431755671,D:\pykan\github\workflows\Hyein\_workspace\sweep_models\logarithm\g30_k4
logarithm,30,4,1,Linear (x1),1.0,0.66245,0,[],[],,,D:\pykan\github\workflows\Hyein\_workspace\sweep_models\logarithm\g30_k4
logarithm,30,5,0,Log (x0),1.0,0.71583,1,[0.77389],[0.6839301929698333],0.77389,0.6839301929698333,D:\pykan\github\workflows\Hyein\_workspace\sweep_models\logarithm\g30_k5
logarithm,30,5,1,Linear (x1),1.0,0.66245,0,[],[],,,D:\pykan\github\workflows\Hyein\_workspace\sweep_models\logarithm\g30_k5
logarithm,30,6,0,Log (x0),1.0,0.71586,0,[],[],,,D:\pykan\github\workflows\Hyein\_workspace\sweep_models\logarithm\g30_k6
logarithm,30,6,1,Linear (x1),1.0,0.66238,0,[],[],,,D:\pykan\github\workflows\Hyein\_workspace\sweep_models\logarithm\g30_k6
logarithm,30,7,0,Log (x0),0.9992,0.71612,1,[0.77389],[0.6839301929698333],0.77389,0.6839301929698333,D:\pykan\github\workflows\Hyein\_workspace\sweep_models\logarithm\g30_k7
logarithm,30,7,1,Linear (x1),0.9992,0.66246,0,[],[],,,D:\pykan\github\workflows\Hyein\_workspace\sweep_models\logarithm\g30_k7
logarithm,30,8,0,Log (x0),0.9921,0.71561,1,[0.77389],[0.6839301929698333],0.77389,0.6839301929698333,D:\pykan\github\workflows\Hyein\_workspace\sweep_models\logarithm\g30_k8
logarithm,30,8,1,Linear (x1),0.9921,0.66825,0,[],[],,,D:\pykan\github\workflows\Hyein\_workspace\sweep_models\logarithm\g30_k8
log2,3,0,0,Log (x0),0.7936,0.7133,0,[],[],,,D:\pykan\github\workflows\Hyein\_workspace\sweep_models\log2\g3_k0
log2,3,0,1,Linear (x1),0.7936,0.73419,0,[],[],,,D:\pykan\github\workflows\Hyein\_workspace\sweep_models\log2\g3_k0
log2,3,1,0,Log (x0),0.999,0.71853,0,[],[],,,D:\pykan\github\workflows\Hyein\_workspace\sweep_models\log2\g3_k1
log2,3,1,1,Linear (x1),0.999,0.71194,0,[],[],,,D:\pykan\github\workflows\Hyein\_workspace\sweep_models\log2\g3_k1
log2,3,2,0,Log (x0),0.9999,0.73382,0,[],[],,,D:\pykan\github\workflows\Hyein\_workspace\sweep_models\log2\g3_k2
log2,3,2,1,Linear (x1),0.9999,0.66145,0,[],[],,,D:\pykan\github\workflows\Hyein\_workspace\sweep_models\log2\g3_k2
log2,3,3,0,Log (x0),1.0,0.72233,0,[],[],,,D:\pykan\github\workflows\Hyein\_workspace\sweep_models\log2\g3_k3
log2,3,3,1,Linear (x1),1.0,0.65939,0,[],[],,,D:\pykan\github\workflows\Hyein\_workspace\sweep_models\log2\g3_k3
log2,3,4,0,Log (x0),1.0,0.71256,0,[],[],,,D:\pykan\github\workflows\Hyein\_workspace\sweep_models\log2\g3_k4
log2,3,4,1,Linear (x1),1.0,0.73621,0,[],[],,,D:\pykan\github\workflows\Hyein\_workspace\sweep_models\log2\g3_k4
log2,3,5,0,Log (x0),1.0,0.71392,0,[],[],,,D:\pykan\github\workflows\Hyein\_workspace\sweep_models\log2\g3_k5
log2,3,5,1,Linear (x1),1.0,0.78168,0,[],[],,,D:\pykan\github\workflows\Hyein\_workspace\sweep_models\log2\g3_k5
log2,3,6,0,Log (x0),0.9999,0.81488,0,[],[],,,D:\pykan\github\workflows\Hyein\_workspace\sweep_models\log2\g3_k6
log2,3,6,1,Linear (x1),0.9999,0.65148,0,[],[],,,D:\pykan\github\workflows\Hyein\_workspace\sweep_models\log2\g3_k6
log2,3,7,0,Log (x0),0.9638,0.59423,0,[],[],,,D:\pykan\github\workflows\Hyein\_workspace\sweep_models\log2\g3_k7
log2,3,7,1,Linear (x1),0.9638,0.60303,0,[],[],,,D:\pykan\github\workflows\Hyein\_workspace\sweep_models\log2\g3_k7
log2,3,8,0,Log (x0),0.9999,0.80482,0,[],[],,,D:\pykan\github\workflows\Hyein\_workspace\sweep_models\log2\g3_k8
log2,3,8,1,Linear (x1),0.9999,0.69152,0,[],[],,,D:\pykan\github\workflows\Hyein\_workspace\sweep_models\log2\g3_k8
log2,5,0,0,Log (x0),0.8755,0.69479,0,[],[],,,D:\pykan\github\workflows\Hyein\_workspace\sweep_models\log2\g5_k0
log2,5,0,1,Linear (x1),0.8755,0.71255,0,[],[],,,D:\pykan\github\workflows\Hyein\_workspace\sweep_models\log2\g5_k0
log2,5,1,0,Log (x0),0.9998,0.70728,0,[],[],,,D:\pykan\github\workflows\Hyein\_workspace\sweep_models\log2\g5_k1
log2,5,1,1,Linear (x1),0.9998,0.72141,0,[],[],,,D:\pykan\github\workflows\Hyein\_workspace\sweep_models\log2\g5_k1
log2,5,2,0,Log (x0),1.0,0.73679,0,[],[],,,D:\pykan\github\workflows\Hyein\_workspace\sweep_models\log2\g5_k2
log2,5,2,1,Linear (x1),1.0,0.65907,0,[],[],,,D:\pykan\github\workflows\Hyein\_workspace\sweep_models\log2\g5_k2
log2,5,3,0,Log (x0),1.0,0.7181,1,[0.74243],[0.6053703431755671],0.74243,0.6053703431755671,D:\pykan\github\workflows\Hyein\_workspace\sweep_models\log2\g5_k3
log2,5,3,1,Linear (x1),1.0,0.65834,0,[],[],,,D:\pykan\github\workflows\Hyein\_workspace\sweep_models\log2\g5_k3
log2,5,4,0,Log (x0),1.0,0.71074,0,[],[],,,D:\pykan\github\workflows\Hyein\_workspace\sweep_models\log2\g5_k4
log2,5,4,1,Linear (x1),1.0,0.71853,0,[],[],,,D:\pykan\github\workflows\Hyein\_workspace\sweep_models\log2\g5_k4
log2,5,5,0,Log (x0),1.0,0.71176,0,[],[],,,D:\pykan\github\workflows\Hyein\_workspace\sweep_models\log2\g5_k5
log2,5,5,1,Linear (x1),1.0,0.76113,0,[],[],,,D:\pykan\github\workflows\Hyein\_workspace\sweep_models\log2\g5_k5
log2,5,6,0,Log (x0),0.9999,0.71569,1,[0.74243],[0.6053703431755671],0.74243,0.6053703431755671,D:\pykan\github\workflows\Hyein\_workspace\sweep_models\log2\g5_k6
log2,5,6,1,Linear (x1),0.9999,0.66845,0,[],[],,,D:\pykan\github\workflows\Hyein\_workspace\sweep_models\log2\g5_k6
log2,5,7,0,Log (x0),0.9923,0.67513,0,[],[],,,D:\pykan\github\workflows\Hyein\_workspace\sweep_models\log2\g5_k7
log2,5,7,1,Linear (x1),0.9923,1.39441,2,"[0.2659, 0.75486]","[-0.5847989738471249, 0.635872535816426]",0.2659,-0.5847989738471249,D:\pykan\github\workflows\Hyein\_workspace\sweep_models\log2\g5_k7
log2,5,8,0,Log (x0),1.0,0.71777,0,[],[],,,D:\pykan\github\workflows\Hyein\_workspace\sweep_models\log2\g5_k8
log2,5,8,1,Linear (x1),1.0,0.7628,0,[],[],,,D:\pykan\github\workflows\Hyein\_workspace\sweep_models\log2\g5_k8
log2,7,0,0,Log (x0),0.8839,0.68625,0,[],[],,,D:\pykan\github\workflows\Hyein\_workspace\sweep_models\log2\g7_k0
log2,7,0,1,Linear (x1),0.8839,0.71631,0,[],[],,,D:\pykan\github\workflows\Hyein\_workspace\sweep_models\log2\g7_k0
log2,7,1,0,Log (x0),0.9999,0.70885,0,[],[],,,D:\pykan\github\workflows\Hyein\_workspace\sweep_models\log2\g7_k1
log2,7,1,1,Linear (x1),0.9999,0.69175,0,[],[],,,D:\pykan\github\workflows\Hyein\_workspace\sweep_models\log2\g7_k1
log2,7,2,0,Log (x0),1.0,0.72575,0,[],[],,,D:\pykan\github\workflows\Hyein\_workspace\sweep_models\log2\g7_k2
log2,7,2,1,Linear (x1),1.0,0.65869,0,[],[],,,D:\pykan\github\workflows\Hyein\_workspace\sweep_models\log2\g7_k2
log2,7,3,0,Log (x0),1.0,0.71584,0,[],[],,,D:\pykan\github\workflows\Hyein\_workspace\sweep_models\log2\g7_k3
log2,7,3,1,Linear (x1),1.0,0.65887,0,[],[],,,D:\pykan\github\workflows\Hyein\_workspace\sweep_models\log2\g7_k3
log2,7,4,0,Log (x0),1.0,0.71046,0,[],[],,,D:\pykan\github\workflows\Hyein\_workspace\sweep_models\log2\g7_k4
log2,7,4,1,Linear (x1),1.0,0.74875,0,[],[],,,D:\pykan\github\workflows\Hyein\_workspace\sweep_models\log2\g7_k4
log2,7,5,0,Log (x0),1.0,0.71173,0,[],[],,,D:\pykan\github\workflows\Hyein\_workspace\sweep_models\log2\g7_k5
log2,7,5,1,Linear (x1),1.0,0.79452,0,[],[],,,D:\pykan\github\workflows\Hyein\_workspace\sweep_models\log2\g7_k5
log2,7,6,0,Log (x0),1.0,0.75408,1,[0.78794],[0.7190149319911125],0.78794,0.7190149319911125,D:\pykan\github\workflows\Hyein\_workspace\sweep_models\log2\g7_k6
log2,7,6,1,Linear (x1),1.0,0.67477,0,[],[],,,D:\pykan\github\workflows\Hyein\_workspace\sweep_models\log2\g7_k6
log2,7,7,0,Log (x0),0.9995,1.10324,0,[],[],,,D:\pykan\github\workflows\Hyein\_workspace\sweep_models\log2\g7_k7
log2,7,7,1,Linear (x1),0.9995,1.18745,1,[0.23186],[-0.6697786412819811],0.23186,-0.6697786412819811,D:\pykan\github\workflows\Hyein\_workspace\sweep_models\log2\g7_k7
log2,7,8,0,Log (x0),0.9999,0.93245,1,[0.69316],[0.48233652882834815],0.69316,0.48233652882834815,D:\pykan\github\workflows\Hyein\_workspace\sweep_models\log2\g7_k8
log2,7,8,1,Linear (x1),0.9999,0.67129,0,[],[],,,D:\pykan\github\workflows\Hyein\_workspace\sweep_models\log2\g7_k8
log2,10,0,0,Log (x0),0.9184,0.68332,0,[],[],,,D:\pykan\github\workflows\Hyein\_workspace\sweep_models\log2\g10_k0
log2,10,0,1,Linear (x1),0.9184,0.72871,0,[],[],,,D:\pykan\github\workflows\Hyein\_workspace\sweep_models\log2\g10_k0
log2,10,1,0,Log (x0),0.9999,0.7085,0,[],[],,,D:\pykan\github\workflows\Hyein\_workspace\sweep_models\log2\g10_k1
log2,10,1,1,Linear (x1),0.9999,0.6884,0,[],[],,,D:\pykan\github\workflows\Hyein\_workspace\sweep_models\log2\g10_k1
log2,10,2,0,Log (x0),1.0,0.73047,0,[],[],,,D:\pykan\github\workflows\Hyein\_workspace\sweep_models\log2\g10_k2
log2,10,2,1,Linear (x1),1.0,0.66082,0,[],[],,,D:\pykan\github\workflows\Hyein\_workspace\sweep_models\log2\g10_k2
log2,10,3,0,Log (x0),1.0,0.71921,1,[0.82633],[0.8148799235232769],0.82633,0.8148799235232769,D:\pykan\github\workflows\Hyein\_workspace\sweep_models\log2\g10_k3
log2,10,3,1,Linear (x1),1.0,0.65794,0,[],[],,,D:\pykan\github\workflows\Hyein\_workspace\sweep_models\log2\g10_k3
log2,10,4,0,Log (x0),1.0,0.70832,0,[],[],,,D:\pykan\github\workflows\Hyein\_workspace\sweep_models\log2\g10_k4
log2,10,4,1,Linear (x1),1.0,0.81581,0,[],[],,,D:\pykan\github\workflows\Hyein\_workspace\sweep_models\log2\g10_k4
log2,10,5,0,Log (x0),1.0,0.71052,0,[],[],,,D:\pykan\github\workflows\Hyein\_workspace\sweep_models\log2\g10_k5
log2,10,5,1,Linear (x1),1.0,0.75761,0,[],[],,,D:\pykan\github\workflows\Hyein\_workspace\sweep_models\log2\g10_k5
log2,10,6,0,Log (x0),1.0,0.74474,1,[0.68356],[0.4583640381091822],0.68356,0.4583640381091822,D:\pykan\github\workflows\Hyein\_workspace\sweep_models\log2\g10_k6
log2,10,6,1,Linear (x1),1.0,0.66161,0,[],[],,,D:\pykan\github\workflows\Hyein\_workspace\sweep_models\log2\g10_k6
log2,10,7,0,Log (x0),0.9998,0.71522,0,[],[],,,D:\pykan\github\workflows\Hyein\_workspace\sweep_models\log2\g10_k7
log2,10,7,1,Linear (x1),0.9998,0.68223,0,[],[],,,D:\pykan\github\workflows\Hyein\_workspace\sweep_models\log2\g10_k7
log2,10,8,0,Log (x0),0.9985,1.20068,3,"[0.25139, 0.33359, 0.42255]","[-0.6208225571097656, -0.4155581053269082, -0.19341302466263813]",0.25139,-0.6208225571097656,D:\pykan\github\workflows\Hyein\_workspace\sweep_models\log2\g10_k8
log2,10,8,1,Linear (x1),0.9985,0.63395,0,[],[],,,D:\pykan\github\workflows\Hyein\_workspace\sweep_models\log2\g10_k8
log2,15,0,0,Log (x0),0.9047,0.68768,0,[],[],,,D:\pykan\github\workflows\Hyein\_workspace\sweep_models\log2\g15_k0
log2,15,0,1,Linear (x1),0.9047,0.73248,0,[],[],,,D:\pykan\github\workflows\Hyein\_workspace\sweep_models\log2\g15_k0
log2,15,1,0,Log (x0),0.9999,0.71458,0,[],[],,,D:\pykan\github\workflows\Hyein\_workspace\sweep_models\log2\g15_k1
log2,15,1,1,Linear (x1),0.9999,0.67211,0,[],[],,,D:\pykan\github\workflows\Hyein\_workspace\sweep_models\log2\g15_k1
log2,15,2,0,Log (x0),1.0,0.72778,0,[],[],,,D:\pykan\github\workflows\Hyein\_workspace\sweep_models\log2\g15_k2
log2,15,2,1,Linear (x1),1.0,0.65833,0,[],[],,,D:\pykan\github\workflows\Hyein\_workspace\sweep_models\log2\g15_k2
log2,15,3,0,Log (x0),1.0,0.72375,1,[0.84867],[0.8706659071343357],0.84867,0.8706659071343357,D:\pykan\github\workflows\Hyein\_workspace\sweep_models\log2\g15_k3
log2,15,3,1,Linear (x1),1.0,0.65784,0,[],[],,,D:\pykan\github\workflows\Hyein\_workspace\sweep_models\log2\g15_k3
log2,15,4,0,Log (x0),1.0,0.71032,0,[],[],,,D:\pykan\github\workflows\Hyein\_workspace\sweep_models\log2\g15_k4
log2,15,4,1,Linear (x1),1.0,0.7452,0,[],[],,,D:\pykan\github\workflows\Hyein\_workspace\sweep_models\log2\g15_k4
log2,15,5,0,Log (x0),1.0,0.72038,0,[],[],,,D:\pykan\github\workflows\Hyein\_workspace\sweep_models\log2\g15_k5
log2,15,5,1,Linear (x1),1.0,0.76266,0,[],[],,,D:\pykan\github\workflows\Hyein\_workspace\sweep_models\log2\g15_k5
log2,15,6,0,Log (x0),1.0,0.73125,0,[],[],,,D:\pykan\github\workflows\Hyein\_workspace\sweep_models\log2\g15_k6
log2,15,6,1,Linear (x1),1.0,0.66544,0,[],[],,,D:\pykan\github\workflows\Hyein\_workspace\sweep_models\log2\g15_k6
log2,15,7,0,Log (x0),0.9999,0.71445,0,[],[],,,D:\pykan\github\workflows\Hyein\_workspace\sweep_models\log2\g15_k7
log2,15,7,1,Linear (x1),0.9999,0.70798,0,[],[],,,D:\pykan\github\workflows\Hyein\_workspace\sweep_models\log2\g15_k7
log2,15,8,0,Log (x0),0.9999,1.17095,3,"[0.20366, 0.25139, 0.74243]","[-0.7400107844041184, -0.6208225571097656, 0.6053703431755671]",0.20366,-0.7400107844041184,D:\pykan\github\workflows\Hyein\_workspace\sweep_models\log2\g15_k8
log2,15,8,1,Linear (x1),0.9999,0.67111,0,[],[],,,D:\pykan\github\workflows\Hyein\_workspace\sweep_models\log2\g15_k8
log2,30,0,0,Log (x0),0.8603,0.68297,0,[],[],,,D:\pykan\github\workflows\Hyein\_workspace\sweep_models\log2\g30_k0
log2,30,0,1,Linear (x1),0.8603,0.75369,0,[],[],,,D:\pykan\github\workflows\Hyein\_workspace\sweep_models\log2\g30_k0
log2,30,1,0,Log (x0),0.9999,0.70916,0,[],[],,,D:\pykan\github\workflows\Hyein\_workspace\sweep_models\log2\g30_k1
log2,30,1,1,Linear (x1),0.9999,0.67076,0,[],[],,,D:\pykan\github\workflows\Hyein\_workspace\sweep_models\log2\g30_k1
log2,30,2,0,Log (x0),1.0,0.73746,0,[],[],,,D:\pykan\github\workflows\Hyein\_workspace\sweep_models\log2\g30_k2
log2,30,2,1,Linear (x1),1.0,0.65989,0,[],[],,,D:\pykan\github\workflows\Hyein\_workspace\sweep_models\log2\g30_k2
log2,30,3,0,Log (x0),1.0,0.71749,1,[0.87539],[0.9373893396360139],0.87539,0.9373893396360139,D:\pykan\github\workflows\Hyein\_workspace\sweep_models\log2\g30_k3
log2,30,3,1,Linear (x1),1.0,0.66129,0,[],[],,,D:\pykan\github\workflows\Hyein\_workspace\sweep_models\log2\g30_k3
log2,30,4,0,Log (x0),1.0,0.74584,0,[],[],,,D:\pykan\github\workflows\Hyein\_workspace\sweep_models\log2\g30_k4
log2,30,4,1,Linear (x1),1.0,0.64021,0,[],[],,,D:\pykan\github\workflows\Hyein\_workspace\sweep_models\log2\g30_k4
log2,30,5,0,Log (x0),1.0,0.71566,1,[0.77389],[0.6839301929698333],0.77389,0.6839301929698333,D:\pykan\github\workflows\Hyein\_workspace\sweep_models\log2\g30_k5
log2,30,5,1,Linear (x1),1.0,0.66235,0,[],[],,,D:\pykan\github\workflows\Hyein\_workspace\sweep_models\log2\g30_k5
log2,30,6,0,Log (x0),1.0,0.71654,0,[],[],,,D:\pykan\github\workflows\Hyein\_workspace\sweep_models\log2\g30_k6
log2,30,6,1,Linear (x1),1.0,0.66353,0,[],[],,,D:\pykan\github\workflows\Hyein\_workspace\sweep_models\log2\g30_k6
log2,30,7,0,Log (x0),0.475,0.52776,0,[],[],,,D:\pykan\github\workflows\Hyein\_workspace\sweep_models\log2\g30_k7
log2,30,7,1,Linear (x1),0.475,2.60089,1,[0.22361],[-0.6903744772495947],0.22361,-0.6903744772495947,D:\pykan\github\workflows\Hyein\_workspace\sweep_models\log2\g30_k7
log2,30,8,0,Log (x0),1.0,0.72105,0,[],[],,,D:\pykan\github\workflows\Hyein\_workspace\sweep_models\log2\g30_k8
log2,30,8,1,Linear (x1),1.0,0.67925,0,[],[],,,D:\pykan\github\workflows\Hyein\_workspace\sweep_models\log2\g30_k8
conditional,3,0,0,Conditional (x0),0.7934,0.81703,0,[],[],,,D:\pykan\github\workflows\Hyein\_workspace\sweep_models\conditional\g3_k0
conditional,3,0,1,Linear (x1),0.7934,0.63261,0,[],[],,,D:\pykan\github\workflows\Hyein\_workspace\sweep_models\conditional\g3_k0
conditional,3,1,0,Conditional (x0),0.9982,1.59963,0,[],[],,,D:\pykan\github\workflows\Hyein\_workspace\sweep_models\conditional\g3_k1
conditional,3,1,1,Linear (x1),0.9982,0.63984,0,[],[],,,D:\pykan\github\workflows\Hyein\_workspace\sweep_models\conditional\g3_k1
conditional,3,2,0,Conditional (x0),0.9999,0.98639,0,[],[],,,D:\pykan\github\workflows\Hyein\_workspace\sweep_models\conditional\g3_k2
conditional,3,2,1,Linear (x1),0.9999,0.64274,0,[],[],,,D:\pykan\github\workflows\Hyein\_workspace\sweep_models\conditional\g3_k2
conditional,3,3,0,Conditional (x0),0.9999,0.97133,0,[],[],,,D:\pykan\github\workflows\Hyein\_workspace\sweep_models\conditional\g3_k3
conditional,3,3,1,Linear (x1),0.9999,0.64577,0,[],[],,,D:\pykan\github\workflows\Hyein\_workspace\sweep_models\conditional\g3_k3
conditional,3,4,0,Conditional (x0),0.9999,0.82085,1,[0.64591],[0.3643469260699538],0.64591,0.3643469260699538,D:\pykan\github\workflows\Hyein\_workspace\sweep_models\conditional\g3_k4
conditional,3,4,1,Linear (x1),0.9999,0.64309,0,[],[],,,D:\pykan\github\workflows\Hyein\_workspace\sweep_models\conditional\g3_k4
conditional,3,5,0,Conditional (x0),0.9999,0.76665,0,[],[],,,D:\pykan\github\workflows\Hyein\_workspace\sweep_models\conditional\g3_k5
conditional,3,5,1,Linear (x1),0.9999,0.64355,0,[],[],,,D:\pykan\github\workflows\Hyein\_workspace\sweep_models\conditional\g3_k5
conditional,3,6,0,Conditional (x0),0.9992,0.82482,0,[],[],,,D:\pykan\github\workflows\Hyein\_workspace\sweep_models\conditional\g3_k6
conditional,3,6,1,Linear (x1),0.9992,0.69156,0,[],[],,,D:\pykan\github\workflows\Hyein\_workspace\sweep_models\conditional\g3_k6
conditional,3,7,0,Conditional (x0),0.996,0.75952,0,[],[],,,D:\pykan\github\workflows\Hyein\_workspace\sweep_models\conditional\g3_k7
conditional,3,7,1,Linear (x1),0.996,0.63141,0,[],[],,,D:\pykan\github\workflows\Hyein\_workspace\sweep_models\conditional\g3_k7
conditional,3,8,0,Conditional (x0),0.9968,0.68414,1,[0.64591],[0.3643469260699538],0.64591,0.3643469260699538,D:\pykan\github\workflows\Hyein\_workspace\sweep_models\conditional\g3_k8
conditional,3,8,1,Linear (x1),0.9968,0.61751,0,[],[],,,D:\pykan\github\workflows\Hyein\_workspace\sweep_models\conditional\g3_k8
conditional,5,0,0,Conditional (x0),0.8897,0.74539,0,[],[],,,D:\pykan\github\workflows\Hyein\_workspace\sweep_models\conditional\g5_k0
conditional,5,0,1,Linear (x1),0.8897,0.66532,0,[],[],,,D:\pykan\github\workflows\Hyein\_workspace\sweep_models\conditional\g5_k0
conditional,5,1,0,Conditional (x0),0.9986,0.81043,0,[],[],,,D:\pykan\github\workflows\Hyein\_workspace\sweep_models\conditional\g5_k1
conditional,5,1,1,Linear (x1),0.9986,0.65455,0,[],[],,,D:\pykan\github\workflows\Hyein\_workspace\sweep_models\conditional\g5_k1
conditional,5,2,0,Conditional (x0),1.0,0.73885,0,[],[],,,D:\pykan\github\workflows\Hyein\_workspace\sweep_models\conditional\g5_k2
conditional,5,2,1,Linear (x1),1.0,0.64182,0,[],[],,,D:\pykan\github\workflows\Hyein\_workspace\sweep_models\conditional\g5_k2
conditional,5,3,0,Conditional (x0),1.0,0.80161,1,[0.59474],[0.23656855626790016],0.59474,0.23656855626790016,D:\pykan\github\workflows\Hyein\_workspace\sweep_models\conditional\g5_k3
conditional,5,3,1,Linear (x1),1.0,0.64273,0,[],[],,,D:\pykan\github\workflows\Hyein\_workspace\sweep_models\conditional\g5_k3
conditional,5,4,0,Conditional (x0),1.0,0.96697,1,[0.59474],[0.23656855626790016],0.59474,0.23656855626790016,D:\pykan\github\workflows\Hyein\_workspace\sweep_models\conditional\g5_k4
conditional,5,4,1,Linear (x1),1.0,0.6418,0,[],[],,,D:\pykan\github\workflows\Hyein\_workspace\sweep_models\conditional\g5_k4
conditional,5,5,0,Conditional (x0),1.0,0.77897,1,[0.74243],[0.6053703431755671],0.74243,0.6053703431755671,D:\pykan\github\workflows\Hyein\_workspace\sweep_models\conditional\g5_k5
conditional,5,5,1,Linear (x1),1.0,0.64498,0,[],[],,,D:\pykan\github\workflows\Hyein\_workspace\sweep_models\conditional\g5_k5
conditional,5,6,0,Conditional (x0),0.9999,0.74568,1,[0.74243],[0.6053703431755671],0.74243,0.6053703431755671,D:\pykan\github\workflows\Hyein\_workspace\sweep_models\conditional\g5_k6
conditional,5,6,1,Linear (x1),0.9999,0.645,0,[],[],,,D:\pykan\github\workflows\Hyein\_workspace\sweep_models\conditional\g5_k6
conditional,5,7,0,Conditional (x0),0.9971,0.75907,1,[0.59474],[0.23656855626790016],0.59474,0.23656855626790016,D:\pykan\github\workflows\Hyein\_workspace\sweep_models\conditional\g5_k7
conditional,5,7,1,Linear (x1),0.9971,0.64843,0,[],[],,,D:\pykan\github\workflows\Hyein\_workspace\sweep_models\conditional\g5_k7
conditional,5,8,0,Conditional (x0),0.9969,0.75582,1,[0.59474],[0.23656855626790016],0.59474,0.23656855626790016,D:\pykan\github\workflows\Hyein\_workspace\sweep_models\conditional\g5_k8
conditional,5,8,1,Linear (x1),0.9969,0.65095,0,[],[],,,D:\pykan\github\workflows\Hyein\_workspace\sweep_models\conditional\g5_k8
conditional,7,0,0,Conditional (x0),0.917,0.71762,0,[],[],,,D:\pykan\github\workflows\Hyein\_workspace\sweep_models\conditional\g7_k0
conditional,7,0,1,Linear (x1),0.917,0.69397,0,[],[],,,D:\pykan\github\workflows\Hyein\_workspace\sweep_models\conditional\g7_k0
conditional,7,1,0,Conditional (x0),0.9997,1.48582,1,[0.44888],[-0.12766347459642594],0.44888,-0.12766347459642594,D:\pykan\github\workflows\Hyein\_workspace\sweep_models\conditional\g7_k1
conditional,7,1,1,Linear (x1),0.9997,0.65721,0,[],[],,,D:\pykan\github\workflows\Hyein\_workspace\sweep_models\conditional\g7_k1
conditional,7,2,0,Conditional (x0),1.0,1.59025,1,[0.31664],[-0.45788453425293546],0.31664,-0.45788453425293546,D:\pykan\github\workflows\Hyein\_workspace\sweep_models\conditional\g7_k2
conditional,7,2,1,Linear (x1),1.0,0.64177,0,[],[],,,D:\pykan\github\workflows\Hyein\_workspace\sweep_models\conditional\g7_k2
conditional,7,3,0,Conditional (x0),1.0,0.87135,1,[0.56726],[0.1679473015842878],0.56726,0.1679473015842878,D:\pykan\github\workflows\Hyein\_workspace\sweep_models\conditional\g7_k3
conditional,7,3,1,Linear (x1),1.0,0.64244,0,[],[],,,D:\pykan\github\workflows\Hyein\_workspace\sweep_models\conditional\g7_k3
conditional,7,4,0,Conditional (x0),1.0,1.21299,2,"[0.20923, 0.56726]","[-0.7261017455181022, 0.1679473015842878]",0.20923,-0.7261017455181022,D:\pykan\github\workflows\Hyein\_workspace\sweep_models\conditional\g7_k4
conditional,7,4,1,Linear (x1),1.0,0.64185,0,[],[],,,D:\pykan\github\workflows\Hyein\_workspace\sweep_models\conditional\g7_k4
conditional,7,5,0,Conditional (x0),1.0,0.74825,0,[],[],,,D:\pykan\github\workflows\Hyein\_workspace\sweep_models\conditional\g7_k5
conditional,7,5,1,Linear (x1),1.0,0.64257,0,[],[],,,D:\pykan\github\workflows\Hyein\_workspace\sweep_models\conditional\g7_k5
conditional,7,6,0,Conditional (x0),0.9991,0.84092,1,[0.56726],[0.1679473015842878],0.56726,0.1679473015842878,D:\pykan\github\workflows\Hyein\_workspace\sweep_models\conditional\g7_k6
conditional,7,6,1,Linear (x1),0.9991,0.65427,0,[],[],,,D:\pykan\github\workflows\Hyein\_workspace\sweep_models\conditional\g7_k6
conditional,7,7,0,Conditional (x0),0.9998,0.79055,0,[],[],,,D:\pykan\github\workflows\Hyein\_workspace\sweep_models\conditional\g7_k7
conditional,7,7,1,Linear (x1),0.9998,0.89036,2,"[0.23186, 0.55621]","[-0.6697786412819811, 0.13994977036595072]",0.23186,-0.6697786412819811,D:\pykan\github\workflows\Hyein\_workspace\sweep_models\conditional\g7_k7
conditional,7,8,0,Conditional (x0),0.863,0.65167,1,[0.69316],[0.48233652882834815],0.69316,0.48233652882834815,D:\pykan\github\workflows\Hyein\_workspace\sweep_models\conditional\g7_k8
conditional,7,8,1,Linear (x1),0.863,0.62777,0,[],[],,,D:\pykan\github\workflows\Hyein\_workspace\sweep_models\conditional\g7_k8
conditional,10,0,0,Conditional (x0),0.9431,0.73906,0,[],[],,,D:\pykan\github\workflows\Hyein\_workspace\sweep_models\conditional\g10_k0
conditional,10,0,1,Linear (x1),0.9431,0.69244,0,[],[],,,D:\pykan\github\workflows\Hyein\_workspace\sweep_models\conditional\g10_k0
conditional,10,1,0,Conditional (x0),0.9998,2.49637,2,"[0.25139, 0.59474]","[-0.6208225571097656, 0.23656855626790016]",0.25139,-0.6208225571097656,D:\pykan\github\workflows\Hyein\_workspace\sweep_models\conditional\g10_k1
conditional,10,1,1,Linear (x1),0.9998,0.64042,0,[],[],,,D:\pykan\github\workflows\Hyein\_workspace\sweep_models\conditional\g10_k1
conditional,10,2,0,Conditional (x0),1.0,0.82016,1,[0.50061],[0.0015132904975791572],0.50061,0.0015132904975791572,D:\pykan\github\workflows\Hyein\_workspace\sweep_models\conditional\g10_k2
conditional,10,2,1,Linear (x1),1.0,0.64211,0,[],[],,,D:\pykan\github\workflows\Hyein\_workspace\sweep_models\conditional\g10_k2
conditional,10,3,0,Conditional (x0),1.0,0.83161,1,[0.59474],[0.23656855626790016],0.59474,0.23656855626790016,D:\pykan\github\workflows\Hyein\_workspace\sweep_models\conditional\g10_k3
conditional,10,3,1,Linear (x1),1.0,0.64248,0,[],[],,,D:\pykan\github\workflows\Hyein\_workspace\sweep_models\conditional\g10_k3
conditional,10,4,0,Conditional (x0),1.0,1.03608,2,"[0.18468, 0.59474]","[-0.7874063962634691, 0.23656855626790016]",0.18468,-0.7874063962634691,D:\pykan\github\workflows\Hyein\_workspace\sweep_models\conditional\g10_k4
conditional,10,4,1,Linear (x1),1.0,0.64018,0,[],[],,,D:\pykan\github\workflows\Hyein\_workspace\sweep_models\conditional\g10_k4
conditional,10,5,0,Conditional (x0),1.0,0.8681,1,[0.59474],[0.23656855626790016],0.59474,0.23656855626790016,D:\pykan\github\workflows\Hyein\_workspace\sweep_models\conditional\g10_k5
conditional,10,5,1,Linear (x1),1.0,0.64205,0,[],[],,,D:\pykan\github\workflows\Hyein\_workspace\sweep_models\conditional\g10_k5
conditional,10,6,0,Conditional (x0),1.0,0.77902,1,[0.18468],[-0.7874063962634691],0.18468,-0.7874063962634691,D:\pykan\github\workflows\Hyein\_workspace\sweep_models\conditional\g10_k6
conditional,10,6,1,Linear (x1),1.0,0.6429,0,[],[],,,D:\pykan\github\workflows\Hyein\_workspace\sweep_models\conditional\g10_k6
conditional,10,7,0,Conditional (x0),0.9994,1.00162,0,[],[],,,D:\pykan\github\workflows\Hyein\_workspace\sweep_models\conditional\g10_k7
conditional,10,7,1,Linear (x1),0.9994,1.16442,2,"[0.19838, 0.4379]","[-0.7533602883360053, -0.1554069997344556]",0.19838,-0.7533602883360053,D:\pykan\github\workflows\Hyein\_workspace\sweep_models\conditional\g10_k7
conditional,10,8,0,Conditional (x0),0.9998,0.99594,3,"[0.25139, 0.33359, 0.82633]","[-0.6208225571097656, -0.4155581053269082, 0.8148799235232769]",0.25139,-0.6208225571097656,D:\pykan\github\workflows\Hyein\_workspace\sweep_models\conditional\g10_k8
conditional,10,8,1,Linear (x1),0.9998,0.64645,0,[],[],,,D:\pykan\github\workflows\Hyein\_workspace\sweep_models\conditional\g10_k8
conditional,15,0,0,Conditional (x0),0.9336,0.74691,0,[],[],,,D:\pykan\github\workflows\Hyein\_workspace\sweep_models\conditional\g15_k0
conditional,15,0,1,Linear (x1),0.9336,0.67129,0,[],[],,,D:\pykan\github\workflows\Hyein\_workspace\sweep_models\conditional\g15_k0
conditional,15,1,0,Conditional (x0),0.9997,0.79939,0,[],[],,,D:\pykan\github\workflows\Hyein\_workspace\sweep_models\conditional\g15_k1
conditional,15,1,1,Linear (x1),0.9997,0.64874,0,[],[],,,D:\pykan\github\workflows\Hyein\_workspace\sweep_models\conditional\g15_k1
conditional,15,2,0,Conditional (x0),1.0,0.73907,1,[0.5355],[0.08863831145504744],0.5355,0.08863831145504744,D:\pykan\github\workflows\Hyein\_workspace\sweep_models\conditional\g15_k2
conditional,15,2,1,Linear (x1),1.0,0.64161,0,[],[],,,D:\pykan\github\workflows\Hyein\_workspace\sweep_models\conditional\g15_k2
conditional,15,3,0,Conditional (x0),1.0,0.81766,1,[0.5355],[0.08863831145504744],0.5355,0.08863831145504744,D:\pykan\github\workflows\Hyein\_workspace\sweep_models\conditional\g15_k3
conditional,15,3,1,Linear (x1),1.0,0.64293,0,[],[],,,D:\pykan\github\workflows\Hyein\_workspace\sweep_models\conditional\g15_k3
conditional,15,4,0,Conditional (x0),1.0,0.75111,0,[],[],,,D:\pykan\github\workflows\Hyein\_workspace\sweep_models\conditional\g15_k4
conditional,15,4,1,Linear (x1),1.0,1.0051,2,"[0.16955, 0.33011]","[-0.8253333732991929, -0.42450095839494756]",0.16955,-0.8253333732991929,D:\pykan\github\workflows\Hyein\_workspace\sweep_models\conditional\g15_k4
conditional,15,5,0,Conditional (x0),1.0,0.80274,1,[0.59474],[0.23656855626790016],0.59474,0.23656855626790016,D:\pykan\github\workflows\Hyein\_workspace\sweep_models\conditional\g15_k5
conditional,15,5,1,Linear (x1),1.0,0.64183,0,[],[],,,D:\pykan\github\workflows\Hyein\_workspace\sweep_models\conditional\g15_k5
conditional,15,6,0,Conditional (x0),1.0,0.73797,1,[0.70331],[0.5076824434949662],0.70331,0.5076824434949662,D:\pykan\github\workflows\Hyein\_workspace\sweep_models\conditional\g15_k6
conditional,15,6,1,Linear (x1),1.0,0.64459,0,[],[],,,D:\pykan\github\workflows\Hyein\_workspace\sweep_models\conditional\g15_k6
conditional,15,7,0,Conditional (x0),0.9999,0.75149,1,[0.59474],[0.23656855626790016],0.59474,0.23656855626790016,D:\pykan\github\workflows\Hyein\_workspace\sweep_models\conditional\g15_k7
conditional,15,7,1,Linear (x1),0.9999,0.6535,0,[],[],,,D:\pykan\github\workflows\Hyein\_workspace\sweep_models\conditional\g15_k7
conditional,15,8,0,Conditional (x0),1.0,0.93084,3,"[0.14933, 0.20366, 0.25139]","[-0.8756800990678976, -0.7400107844041184, -0.6208225571097656]",0.14933,-0.8756800990678976,D:\pykan\github\workflows\Hyein\_workspace\sweep_models\conditional\g15_k8
conditional,15,8,1,Linear (x1),1.0,0.64337,0,[],[],,,D:\pykan\github\workflows\Hyein\_workspace\sweep_models\conditional\g15_k8
conditional,30,0,0,Conditional (x0),0.8932,0.73284,0,[],[],,,D:\pykan\github\workflows\Hyein\_workspace\sweep_models\conditional\g30_k0
conditional,30,0,1,Linear (x1),0.8932,0.69281,0,[],[],,,D:\pykan\github\workflows\Hyein\_workspace\sweep_models\conditional\g30_k0
conditional,30,1,0,Conditional (x0),0.9984,1.87364,2,"[0.27906, 0.61845]","[-0.5517268468806701, 0.29577561407534]",0.27906,-0.5517268468806701,D:\pykan\github\workflows\Hyein\_workspace\sweep_models\conditional\g30_k1
conditional,30,1,1,Linear (x1),0.9984,0.63866,0,[],[],,,D:\pykan\github\workflows\Hyein\_workspace\sweep_models\conditional\g30_k1
conditional,30,2,0,Conditional (x0),1.0,1.08572,2,"[0.12428, 0.47468]","[-0.9382333170382209, -0.06323740578866777]",0.12428,-0.9382333170382209,D:\pykan\github\workflows\Hyein\_workspace\sweep_models\conditional\g30_k2
conditional,30,2,1,Linear (x1),1.0,0.63889,0,[],[],,,D:\pykan\github\workflows\Hyein\_workspace\sweep_models\conditional\g30_k2
conditional,30,3,0,Conditional (x0),1.0,0.74515,2,"[0.12428, 0.68356]","[-0.9382333170382209, 0.4583640381091822]",0.12428,-0.9382333170382209,D:\pykan\github\workflows\Hyein\_workspace\sweep_models\conditional\g30_k3
conditional,30,3,1,Linear (x1),1.0,0.68576,0,[],[],,,D:\pykan\github\workflows\Hyein\_workspace\sweep_models\conditional\g30_k3
conditional,30,4,0,Conditional (x0),0.934,1.50666,3,"[0.27906, 0.56405, 0.64591]","[-0.5517268468806701, 0.15993150000006687, 0.3643469260699538]",0.27906,-0.5517268468806701,D:\pykan\github\workflows\Hyein\_workspace\sweep_models\conditional\g30_k4
conditional,30,4,1,Linear (x1),0.934,0.30146,0,[],[],,,D:\pykan\github\workflows\Hyein\_workspace\sweep_models\conditional\g30_k4
conditional,30,5,0,Conditional (x0),1.0,0.83909,1,[0.5355],[0.08863831145504744],0.5355,0.08863831145504744,D:\pykan\github\workflows\Hyein\_workspace\sweep_models\conditional\g30_k5
conditional,30,5,1,Linear (x1),1.0,0.64348,0,[],[],,,D:\pykan\github\workflows\Hyein\_workspace\sweep_models\conditional\g30_k5
conditional,30,6,0,Conditional (x0),0.9992,0.77312,1,[0.12428],[-0.9382333170382209],0.12428,-0.9382333170382209,D:\pykan\github\workflows\Hyein\_workspace\sweep_models\conditional\g30_k6
conditional,30,6,1,Linear (x1),0.9992,0.68827,0,[],[],,,D:\pykan\github\workflows\Hyein\_workspace\sweep_models\conditional\g30_k6
conditional,30,7,0,Conditional (x0),0.9991,0.7605,0,[],[],,,D:\pykan\github\workflows\Hyein\_workspace\sweep_models\conditional\g30_k7
conditional,30,7,1,Linear (x1),0.9991,1.22361,2,"[0.16955, 0.22361]","[-0.8253333732991929, -0.6903744772495947]",0.16955,-0.8253333732991929,D:\pykan\github\workflows\Hyein\_workspace\sweep_models\conditional\g30_k7
conditional,30,8,0,Conditional (x0),0.9294,0.86671,3,"[0.18468, 0.20366, 0.84867]","[-0.7874063962634691, -0.7400107844041184, 0.8706659071343357]",0.18468,-0.7874063962634691,D:\pykan\github\workflows\Hyein\_workspace\sweep_models\conditional\g30_k8
conditional,30,8,1,Linear (x1),0.9294,0.58902,0,[],[],,,D:\pykan\github\workflows\Hyein\_workspace\sweep_models\conditional\g30_k8
rosenbrock,3,0,0,Quadratic (x0),0.2193,1.13958,0,[],[],,,D:\pykan\github\workflows\Hyein\_workspace\sweep_models\rosenbrock\g3_k0
rosenbrock,3,0,1,Parabolic (x1),0.2193,1.29009,0,[],[],,,D:\pykan\github\workflows\Hyein\_workspace\sweep_models\rosenbrock\g3_k0
rosenbrock,3,1,0,Quadratic (x0),0.7866,1.11963,0,[],[],,,D:\pykan\github\workflows\Hyein\_workspace\sweep_models\rosenbrock\g3_k1
rosenbrock,3,1,1,Parabolic (x1),0.7866,0.89312,0,[],[],,,D:\pykan\github\workflows\Hyein\_workspace\sweep_models\rosenbrock\g3_k1
rosenbrock,3,2,0,Quadratic (x0),0.9925,8.21006,1,[0.36063],[-0.3480355898012577],0.36063,-0.3480355898012577,D:\pykan\github\workflows\Hyein\_workspace\sweep_models\rosenbrock\g3_k2
rosenbrock,3,2,1,Parabolic (x1),0.9925,0.89634,0,[],[],,,D:\pykan\github\workflows\Hyein\_workspace\sweep_models\rosenbrock\g3_k2
rosenbrock,3,3,0,Quadratic (x0),0.9975,8.51389,1,[0.36063],[-0.3480355898012577],0.36063,-0.3480355898012577,D:\pykan\github\workflows\Hyein\_workspace\sweep_models\rosenbrock\g3_k3
rosenbrock,3,3,1,Parabolic (x1),0.9975,2.67212,0,[],[],,,D:\pykan\github\workflows\Hyein\_workspace\sweep_models\rosenbrock\g3_k3
rosenbrock,3,4,0,Quadratic (x0),0.9974,10.6672,0,[],[],,,D:\pykan\github\workflows\Hyein\_workspace\sweep_models\rosenbrock\g3_k4
rosenbrock,3,4,1,Parabolic (x1),0.9974,3.85089,0,[],[],,,D:\pykan\github\workflows\Hyein\_workspace\sweep_models\rosenbrock\g3_k4
rosenbrock,3,5,0,Quadratic (x0),0.9984,14.98464,1,[0.64591],[0.3643469260699538],0.64591,0.3643469260699538,D:\pykan\github\workflows\Hyein\_workspace\sweep_models\rosenbrock\g3_k5
rosenbrock,3,5,1,Parabolic (x1),0.9984,3.64035,0,[],[],,,D:\pykan\github\workflows\Hyein\_workspace\sweep_models\rosenbrock\g3_k5
rosenbrock,3,6,0,Quadratic (x0),0.9943,13.46343,0,[],[],,,D:\pykan\github\workflows\Hyein\_workspace\sweep_models\rosenbrock\g3_k6
rosenbrock,3,6,1,Parabolic (x1),0.9943,5.00386,0,[],[],,,D:\pykan\github\workflows\Hyein\_workspace\sweep_models\rosenbrock\g3_k6
rosenbrock,3,7,0,Quadratic (x0),0.9976,0.73377,1,[0.36063],[-0.3480355898012577],0.36063,-0.3480355898012577,D:\pykan\github\workflows\Hyein\_workspace\sweep_models\rosenbrock\g3_k7
rosenbrock,3,7,1,Parabolic (x1),0.9976,0.6785,0,[],[],,,D:\pykan\github\workflows\Hyein\_workspace\sweep_models\rosenbrock\g3_k7
rosenbrock,3,8,0,Quadratic (x0),0.9991,0.94805,1,[0.64591],[0.3643469260699538],0.64591,0.3643469260699538,D:\pykan\github\workflows\Hyein\_workspace\sweep_models\rosenbrock\g3_k8
rosenbrock,3,8,1,Parabolic (x1),0.9991,0.82319,0,[],[],,,D:\pykan\github\workflows\Hyein\_workspace\sweep_models\rosenbrock\g3_k8
rosenbrock,5,0,0,Quadratic (x0),0.466,0.69964,0,[],[],,,D:\pykan\github\workflows\Hyein\_workspace\sweep_models\rosenbrock\g5_k0
rosenbrock,5,0,1,Parabolic (x1),0.466,0.88878,0,[],[],,,D:\pykan\github\workflows\Hyein\_workspace\sweep_models\rosenbrock\g5_k0
rosenbrock,5,1,0,Quadratic (x0),0.8389,1.31748,1,[0.42255],[-0.19341302466263813],0.42255,-0.19341302466263813,D:\pykan\github\workflows\Hyein\_workspace\sweep_models\rosenbrock\g5_k1
rosenbrock,5,1,1,Parabolic (x1),0.8389,1.01062,0,[],[],,,D:\pykan\github\workflows\Hyein\_workspace\sweep_models\rosenbrock\g5_k1
rosenbrock,5,2,0,Quadratic (x0),0.9986,8.36046,1,[0.42255],[-0.19341302466263813],0.42255,-0.19341302466263813,D:\pykan\github\workflows\Hyein\_workspace\sweep_models\rosenbrock\g5_k2
rosenbrock,5,2,1,Parabolic (x1),0.9986,2.09543,0,[],[],,,D:\pykan\github\workflows\Hyein\_workspace\sweep_models\rosenbrock\g5_k2
rosenbrock,5,3,0,Quadratic (x0),0.9995,9.88635,0,[],[],,,D:\pykan\github\workflows\Hyein\_workspace\sweep_models\rosenbrock\g5_k3
rosenbrock,5,3,1,Parabolic (x1),0.9995,2.79218,0,[],[],,,D:\pykan\github\workflows\Hyein\_workspace\sweep_models\rosenbrock\g5_k3
rosenbrock,5,4,0,Quadratic (x0),0.9994,15.35546,1,[0.59474],[0.23656855626790016],0.59474,0.23656855626790016,D:\pykan\github\workflows\Hyein\_workspace\sweep_models\rosenbrock\g5_k4
rosenbrock,5,4,1,Parabolic (x1),0.9994,5.37827,0,[],[],,,D:\pykan\github\workflows\Hyein\_workspace\sweep_models\rosenbrock\g5_k4
rosenbrock,5,5,0,Quadratic (x0),0.9999,8.92796,1,[0.25139],[-0.6208225571097656],0.25139,-0.6208225571097656,D:\pykan\github\workflows\Hyein\_workspace\sweep_models\rosenbrock\g5_k5
rosenbrock,5,5,1,Parabolic (x1),0.9999,2.41582,0,[],[],,,D:\pykan\github\workflows\Hyein\_workspace\sweep_models\rosenbrock\g5_k5
rosenbrock,5,6,0,Quadratic (x0),0.8992,3.31055,1,[0.25139],[-0.6208225571097656],0.25139,-0.6208225571097656,D:\pykan\github\workflows\Hyein\_workspace\sweep_models\rosenbrock\g5_k6
rosenbrock,5,6,1,Parabolic (x1),0.8992,1.97325,0,[],[],,,D:\pykan\github\workflows\Hyein\_workspace\sweep_models\rosenbrock\g5_k6
rosenbrock,5,7,0,Quadratic (x0),0.978,0.77154,2,"[0.25139, 0.42255]","[-0.6208225571097656, -0.19341302466263813]",0.25139,-0.6208225571097656,D:\pykan\github\workflows\Hyein\_workspace\sweep_models\rosenbrock\g5_k7
rosenbrock,5,7,1,Parabolic (x1),0.978,0.69159,0,[],[],,,D:\pykan\github\workflows\Hyein\_workspace\sweep_models\rosenbrock\g5_k7
rosenbrock,5,8,0,Quadratic (x0),0.9255,0.76161,1,[0.74243],[0.6053703431755671],0.74243,0.6053703431755671,D:\pykan\github\workflows\Hyein\_workspace\sweep_models\rosenbrock\g5_k8
rosenbrock,5,8,1,Parabolic (x1),0.9255,0.48904,0,[],[],,,D:\pykan\github\workflows\Hyein\_workspace\sweep_models\rosenbrock\g5_k8
rosenbrock,7,0,0,Quadratic (x0),0.4492,0.92461,0,[],[],,,D:\pykan\github\workflows\Hyein\_workspace\sweep_models\rosenbrock\g7_k0
rosenbrock,7,0,1,Parabolic (x1),0.4492,0.91206,0,[],[],,,D:\pykan\github\workflows\Hyein\_workspace\sweep_models\rosenbrock\g7_k0
rosenbrock,7,1,0,Quadratic (x0),0.9989,0.72582,0,[],[],,,D:\pykan\github\workflows\Hyein\_workspace\sweep_models\rosenbrock\g7_k1
rosenbrock,7,1,1,Parabolic (x1),0.9989,0.69456,0,[],[],,,D:\pykan\github\workflows\Hyein\_workspace\sweep_models\rosenbrock\g7_k1
rosenbrock,7,2,0,Quadratic (x0),0.9991,9.29648,1,[0.44888],[-0.12766347459642594],0.44888,-0.12766347459642594,D:\pykan\github\workflows\Hyein\_workspace\sweep_models\rosenbrock\g7_k2
rosenbrock,7,2,1,Parabolic (x1),0.9991,1.30578,0,[],[],,,D:\pykan\github\workflows\Hyein\_workspace\sweep_models\rosenbrock\g7_k2
rosenbrock,7,3,0,Quadratic (x0),0.9996,11.32054,1,[0.20923],[-0.7261017455181022],0.20923,-0.7261017455181022,D:\pykan\github\workflows\Hyein\_workspace\sweep_models\rosenbrock\g7_k3
rosenbrock,7,3,1,Parabolic (x1),0.9996,2.87659,0,[],[],,,D:\pykan\github\workflows\Hyein\_workspace\sweep_models\rosenbrock\g7_k3
rosenbrock,7,4,0,Quadratic (x0),0.9998,11.1387,1,[0.56726],[0.1679473015842878],0.56726,0.1679473015842878,D:\pykan\github\workflows\Hyein\_workspace\sweep_models\rosenbrock\g7_k4
rosenbrock,7,4,1,Parabolic (x1),0.9998,3.90425,0,[],[],,,D:\pykan\github\workflows\Hyein\_workspace\sweep_models\rosenbrock\g7_k4
rosenbrock,7,5,0,Quadratic (x0),0.9999,10.31676,1,[0.20923],[-0.7261017455181022],0.20923,-0.7261017455181022,D:\pykan\github\workflows\Hyein\_workspace\sweep_models\rosenbrock\g7_k5
rosenbrock,7,5,1,Parabolic (x1),0.9999,2.71019,0,[],[],,,D:\pykan\github\workflows\Hyein\_workspace\sweep_models\rosenbrock\g7_k5
rosenbrock,7,6,0,Quadratic (x0),0.9847,2.33849,0,[],[],,,D:\pykan\github\workflows\Hyein\_workspace\sweep_models\rosenbrock\g7_k6
rosenbrock,7,6,1,Parabolic (x1),0.9847,2.89887,1,[0.78993],[0.7234235621660267],0.78993,0.7234235621660267,D:\pykan\github\workflows\Hyein\_workspace\sweep_models\rosenbrock\g7_k6
rosenbrock,7,7,0,Quadratic (x0),0.9426,1.00483,3,"[0.20923, 0.31664, 0.44888]","[-0.7261017455181022, -0.45788453425293546, -0.12766347459642594]",0.20923,-0.7261017455181022,D:\pykan\github\workflows\Hyein\_workspace\sweep_models\rosenbrock\g7_k7
rosenbrock,7,7,1,Parabolic (x1),0.9426,0.67656,0,[],[],,,D:\pykan\github\workflows\Hyein\_workspace\sweep_models\rosenbrock\g7_k7
rosenbrock,7,8,0,Quadratic (x0),0.9924,1.24514,1,[0.78794],[0.7190149319911125],0.78794,0.7190149319911125,D:\pykan\github\workflows\Hyein\_workspace\sweep_models\rosenbrock\g7_k8
rosenbrock,7,8,1,Parabolic (x1),0.9924,0.83698,0,[],[],,,D:\pykan\github\workflows\Hyein\_workspace\sweep_models\rosenbrock\g7_k8
rosenbrock,10,0,0,Quadratic (x0),0.7183,0.84048,0,[],[],,,D:\pykan\github\workflows\Hyein\_workspace\sweep_models\rosenbrock\g10_k0
rosenbrock,10,0,1,Parabolic (x1),0.7183,0.6697,0,[],[],,,D:\pykan\github\workflows\Hyein\_workspace\sweep_models\rosenbrock\g10_k0
rosenbrock,10,1,0,Quadratic (x0),0.9796,1.36427,2,"[0.25139, 0.42255]","[-0.6208225571097656, -0.19341302466263813]",0.25139,-0.6208225571097656,D:\pykan\github\workflows\Hyein\_workspace\sweep_models\rosenbrock\g10_k1
rosenbrock,10,1,1,Parabolic (x1),0.9796,0.4367,0,[],[],,,D:\pykan\github\workflows\Hyein\_workspace\sweep_models\rosenbrock\g10_k1
rosenbrock,10,2,0,Quadratic (x0),0.9999,12.0729,2,"[0.18468, 0.74243]","[-0.7874063962634691, 0.6053703431755671]",0.18468,-0.7874063962634691,D:\pykan\github\workflows\Hyein\_workspace\sweep_models\rosenbrock\g10_k2
rosenbrock,10,2,1,Parabolic (x1),0.9999,3.05627,0,[],[],,,D:\pykan\github\workflows\Hyein\_workspace\sweep_models\rosenbrock\g10_k2
rosenbrock,10,3,0,Quadratic (x0),0.9996,10.62061,1,[0.18468],[-0.7874063962634691],0.18468,-0.7874063962634691,D:\pykan\github\workflows\Hyein\_workspace\sweep_models\rosenbrock\g10_k3
rosenbrock,10,3,1,Parabolic (x1),0.9996,2.42538,0,[],[],,,D:\pykan\github\workflows\Hyein\_workspace\sweep_models\rosenbrock\g10_k3
rosenbrock,10,4,0,Quadratic (x0),0.9994,15.01346,2,"[0.18468, 0.59474]","[-0.7874063962634691, 0.23656855626790016]",0.18468,-0.7874063962634691,D:\pykan\github\workflows\Hyein\_workspace\sweep_models\rosenbrock\g10_k4
rosenbrock,10,4,1,Parabolic (x1),0.9994,3.56122,0,[],[],,,D:\pykan\github\workflows\Hyein\_workspace\sweep_models\rosenbrock\g10_k4
rosenbrock,10,5,0,Quadratic (x0),0.9997,11.27117,1,[0.25139],[-0.6208225571097656],0.25139,-0.6208225571097656,D:\pykan\github\workflows\Hyein\_workspace\sweep_models\rosenbrock\g10_k5
rosenbrock,10,5,1,Parabolic (x1),0.9997,2.52327,0,[],[],,,D:\pykan\github\workflows\Hyein\_workspace\sweep_models\rosenbrock\g10_k5
rosenbrock,10,6,0,Quadratic (x0),0.9975,6.27042,1,[0.18468],[-0.7874063962634691],0.18468,-0.7874063962634691,D:\pykan\github\workflows\Hyein\_workspace\sweep_models\rosenbrock\g10_k6
rosenbrock,10,6,1,Parabolic (x1),0.9975,1.5838,0,[],[],,,D:\pykan\github\workflows\Hyein\_workspace\sweep_models\rosenbrock\g10_k6
rosenbrock,10,7,0,Quadratic (x0),0.9988,0.9341,3,"[0.18468, 0.25139, 0.42255]","[-0.7874063962634691, -0.6208225571097656, -0.19341302466263813]",0.18468,-0.7874063962634691,D:\pykan\github\workflows\Hyein\_workspace\sweep_models\rosenbrock\g10_k7
rosenbrock,10,7,1,Parabolic (x1),0.9988,0.6326,0,[],[],,,D:\pykan\github\workflows\Hyein\_workspace\sweep_models\rosenbrock\g10_k7
rosenbrock,10,8,0,Quadratic (x0),0.9996,2.10278,0,[],[],,,D:\pykan\github\workflows\Hyein\_workspace\sweep_models\rosenbrock\g10_k8
rosenbrock,10,8,1,Parabolic (x1),0.9996,2.99122,1,[0.75486],[0.635872535816426],0.75486,0.635872535816426,D:\pykan\github\workflows\Hyein\_workspace\sweep_models\rosenbrock\g10_k8
rosenbrock,15,0,0,Quadratic (x0),0.3742,0.96307,0,[],[],,,D:\pykan\github\workflows\Hyein\_workspace\sweep_models\rosenbrock\g15_k0
rosenbrock,15,0,1,Parabolic (x1),0.3742,0.89279,0,[],[],,,D:\pykan\github\workflows\Hyein\_workspace\sweep_models\rosenbrock\g15_k0
rosenbrock,15,1,0,Quadratic (x0),0.8934,1.27395,0,[],[],,,D:\pykan\github\workflows\Hyein\_workspace\sweep_models\rosenbrock\g15_k1
rosenbrock,15,1,1,Parabolic (x1),0.8934,0.87971,0,[],[],,,D:\pykan\github\workflows\Hyein\_workspace\sweep_models\rosenbrock\g15_k1
rosenbrock,15,2,0,Quadratic (x0),0.9995,7.64364,2,"[0.20366, 0.47468]","[-0.7400107844041184, -0.06323740578866777]",0.20366,-0.7400107844041184,D:\pykan\github\workflows\Hyein\_workspace\sweep_models\rosenbrock\g15_k2
rosenbrock,15,2,1,Parabolic (x1),0.9995,1.46623,0,[],[],,,D:\pykan\github\workflows\Hyein\_workspace\sweep_models\rosenbrock\g15_k2
rosenbrock,15,3,0,Quadratic (x0),0.9991,11.06264,2,"[0.25139, 0.64591]","[-0.6208225571097656, 0.3643469260699538]",0.25139,-0.6208225571097656,D:\pykan\github\workflows\Hyein\_workspace\sweep_models\rosenbrock\g15_k3
rosenbrock,15,3,1,Parabolic (x1),0.9991,2.31358,0,[],[],,,D:\pykan\github\workflows\Hyein\_workspace\sweep_models\rosenbrock\g15_k3
rosenbrock,15,4,0,Quadratic (x0),0.9996,0.71504,1,[0.36063],[-0.3480355898012577],0.36063,-0.3480355898012577,D:\pykan\github\workflows\Hyein\_workspace\sweep_models\rosenbrock\g15_k4
rosenbrock,15,4,1,Parabolic (x1),0.9996,0.68414,0,[],[],,,D:\pykan\github\workflows\Hyein\_workspace\sweep_models\rosenbrock\g15_k4
rosenbrock,15,5,0,Quadratic (x0),0.9997,10.54696,1,[0.20366],[-0.7400107844041184],0.20366,-0.7400107844041184,D:\pykan\github\workflows\Hyein\_workspace\sweep_models\rosenbrock\g15_k5
rosenbrock,15,5,1,Parabolic (x1),0.9997,2.24327,0,[],[],,,D:\pykan\github\workflows\Hyein\_workspace\sweep_models\rosenbrock\g15_k5
rosenbrock,15,6,0,Quadratic (x0),0.7854,1.56791,4,"[0.14933, 0.20366, 0.30196, 0.64591]","[-0.8756800990678976, -0.7400107844041184, -0.49454246797765977, 0.3643469260699538]",0.14933,-0.8756800990678976,D:\pykan\github\workflows\Hyein\_workspace\sweep_models\rosenbrock\g15_k6
rosenbrock,15,6,1,Parabolic (x1),0.7854,0.36509,0,[],[],,,D:\pykan\github\workflows\Hyein\_workspace\sweep_models\rosenbrock\g15_k6
rosenbrock,15,7,0,Quadratic (x0),0.8,1.91201,1,[0.84867],[0.8706659071343357],0.84867,0.8706659071343357,D:\pykan\github\workflows\Hyein\_workspace\sweep_models\rosenbrock\g15_k7
rosenbrock,15,7,1,Parabolic (x1),0.8,1.70357,0,[],[],,,D:\pykan\github\workflows\Hyein\_workspace\sweep_models\rosenbrock\g15_k7
rosenbrock,15,8,0,Quadratic (x0),0.9985,0.70477,1,[0.47468],[-0.06323740578866777],0.47468,-0.06323740578866777,D:\pykan\github\workflows\Hyein\_workspace\sweep_models\rosenbrock\g15_k8
rosenbrock,15,8,1,Parabolic (x1),0.9985,0.6985,0,[],[],,,D:\pykan\github\workflows\Hyein\_workspace\sweep_models\rosenbrock\g15_k8
rosenbrock,30,0,0,Quadratic (x0),0.448,0.9123,0,[],[],,,D:\pykan\github\workflows\Hyein\_workspace\sweep_models\rosenbrock\g30_k0
rosenbrock,30,0,1,Parabolic (x1),0.448,0.75097,0,[],[],,,D:\pykan\github\workflows\Hyein\_workspace\sweep_models\rosenbrock\g30_k0
rosenbrock,30,1,0,Quadratic (x0),0.8351,0.88265,1,[0.22332],[-0.6909171211188267],0.22332,-0.6909171211188267,D:\pykan\github\workflows\Hyein\_workspace\sweep_models\rosenbrock\g30_k1
rosenbrock,30,1,1,Parabolic (x1),0.8351,0.78548,2,"[0.69907, 0.72901]","[0.49659475537604325, 0.5713389164512371]",0.69907,0.49659475537604325,D:\pykan\github\workflows\Hyein\_workspace\sweep_models\rosenbrock\g30_k1
rosenbrock,30,2,0,Quadratic (x0),0.9999,11.65447,1,[0.12428],[-0.9382333170382209],0.12428,-0.9382333170382209,D:\pykan\github\workflows\Hyein\_workspace\sweep_models\rosenbrock\g30_k2
rosenbrock,30,2,1,Parabolic (x1),0.9999,1.17878,0,[],[],,,D:\pykan\github\workflows\Hyein\_workspace\sweep_models\rosenbrock\g30_k2
rosenbrock,30,3,0,Quadratic (x0),0.9991,9.80032,1,[0.25139],[-0.6208225571097656],0.25139,-0.6208225571097656,D:\pykan\github\workflows\Hyein\_workspace\sweep_models\rosenbrock\g30_k3
rosenbrock,30,3,1,Parabolic (x1),0.9991,3.1939,0,[],[],,,D:\pykan\github\workflows\Hyein\_workspace\sweep_models\rosenbrock\g30_k3
rosenbrock,30,4,0,Quadratic (x0),0.9996,12.84546,3,"[0.12428, 0.33359, 0.84867]","[-0.9382333170382209, -0.4155581053269082, 0.8706659071343357]",0.12428,-0.9382333170382209,D:\pykan\github\workflows\Hyein\_workspace\sweep_models\rosenbrock\g30_k4
rosenbrock,30,4,1,Parabolic (x1),0.9996,3.98893,0,[],[],,,D:\pykan\github\workflows\Hyein\_workspace\sweep_models\rosenbrock\g30_k4
rosenbrock,30,5,0,Quadratic (x0),0.9995,11.73676,1,[0.18468],[-0.7874063962634691],0.18468,-0.7874063962634691,D:\pykan\github\workflows\Hyein\_workspace\sweep_models\rosenbrock\g30_k5
rosenbrock,30,5,1,Parabolic (x1),0.9995,2.7248,0,[],[],,,D:\pykan\github\workflows\Hyein\_workspace\sweep_models\rosenbrock\g30_k5
rosenbrock,30,6,0,Quadratic (x0),0.8769,1.09876,11,"[0.14933, 0.20366, 0.22332, 0.36063, 0.38941, 0.5355, 0.61845, 0.68356, 0.70331, 0.74243, 0.82633]","[-0.8756800990678976, -0.7400107844041184, -0.6909171211188267, -0.3480355898012577, -0.27616806033275854, 0.08863831145504744, 0.29577561407534, 0.4583640381091822, 0.5076824434949662, 0.6053703431755671, 0.8148799235232769]",0.14933,-0.8756800990678976,D:\pykan\github\workflows\Hyein\_workspace\sweep_models\rosenbrock\g30_k6
rosenbrock,30,6,1,Parabolic (x1),0.8769,0.51378,0,[],[],,,D:\pykan\github\workflows\Hyein\_workspace\sweep_models\rosenbrock\g30_k6
rosenbrock,30,7,0,Quadratic (x0),0.9323,1.05854,5,"[0.14933, 0.18468, 0.25139, 0.42255, 0.50061]","[-0.8756800990678976, -0.7874063962634691, -0.6208225571097656, -0.19341302466263813, 0.0015132904975791572]",0.14933,-0.8756800990678976,D:\pykan\github\workflows\Hyein\_workspace\sweep_models\rosenbrock\g30_k7
rosenbrock,30,7,1,Parabolic (x1),0.9323,0.75208,0,[],[],,,D:\pykan\github\workflows\Hyein\_workspace\sweep_models\rosenbrock\g30_k7
rosenbrock,30,8,0,Quadratic (x0),0.9386,0.87053,0,[],[],,,D:\pykan\github\workflows\Hyein\_workspace\sweep_models\rosenbrock\g30_k8
rosenbrock,30,8,1,Parabolic (x1),0.9386,1.11161,5,"[0.22361, 0.2659, 0.29702, 0.33011, 0.85338]","[-0.6903744772495947, -0.5847989738471249, -0.507108984112321, -0.42450095839494756, 0.8818242642442178]",0.22361,-0.6903744772495947,D:\pykan\github\workflows\Hyein\_workspace\sweep_models\rosenbrock\g30_k8
